,Today,Title,During,Audience,Content,Future,Purpose
0,20200707,Embedded Linux + Machine vision + AI Deeplearning,開課日期 109年5月20日至109年7月31日,"['1. 無基礎有志投物AIOT(人工智慧物聯網)應用技術領域發展者。', '2. 社會新鮮人、退役軍人、轉職半導體科技產業待業者。', '3. 欲從事半導體相關工作，學習影像辨識整合數據分析與AI互動應用者。']","課程大綱 Python程式設計與資料分析 Python相關簡介 PyRK3399RK3399thon開發環境安裝與設定 Python基本資料形態與儲存結構 Python邏輯控制與運算子 PythonClass與Function介紹 PythonList與Dictionary介紹 Python檔案讀寫相關函式庫 Python網路相關函式庫 Python第三方框架支援與介紹 為程式加上介面-基本網站開發 Apache Spark相關簡介 Spark核心架構與組成介紹 Spark安裝與設定 Spark核心元件運用 課程實作 Class和Function實作 檔案操作實作 網路相關函式實作 Crawler實作 網站API開發實作 網路相關函式實作 C程式設計&資料結構 迴圈、選擇、跳躍敘述 函式、陣列 指標、字串 儲存類別、檔案讀寫 結構、位元處理 前置處理器 排序與搜尋 堆疊與佇列 課程實作 迴圈控制 函式與參數應用 陣列與指標 機器視覺處理與應用 影像處理與辨識基礎理論 OpenCV影像處理應用 邊界偵測 特徵偵測 物體偵測 動態物體偵測 DLib影像辨識應用 HOG應用 LBP應用 課程實作 OpenCV API應用實作 OpenCV及影像辨識應用 AI人工智慧基礎與應用 機器學習與深度學習應用 機器學習導論 Scikit-Learn機器學習相關應用 深度學習導論 Tensorflow/keras深度學習程式語言設計 卷積神經網路 (CNN)的概念介紹與應用 課程實作 Python語言應用 (包含Function, Dictionary, 檔案操作等) Sklearn package實作(包含分類、分群等演算法) Tensorflow/keras應用 嵌入式系統概論 數位電路與邏輯設計 FPGA架構 電子電路 晶片系統實體設計概論 課程實作 Ubuntu 16.04 LTS 嵌入式系統程式設計 檔案讀寫、檔案與目錄結構 程序、執行緒、訊號 網路程式設計 跨程序資料傳遞 指令碼設計 基礎編譯流程 課程實作 GNU工具鏈的使用 Linux程式開發技巧與實作 學習在Linux系統下撰寫控制不同硬體平台的程式 Embedded嵌入式系統開發 GNU 工具軟體 嵌入式開發工具軟體&除錯工具 嵌入式Linux物聯網開發軟體測試工具 開機管理程式 嵌入式系統核心 檔案系統 開放源碼程式移植 IOT開發平台介紹及感測應用實例 Linux驅動程式 嵌入式Linux物聯網雲端伺服器 課程實作 驅動LCD液晶螢幕 驅動LED、Button、SD Card 開機顯示圖像至LCD螢幕 移植觸控螢幕、RTC晶片 新增硬體裝置驅動程式至Linux Kernel Webcamov511snc9c10x視訊晶片驅動移植 Busybox檔案系統製作與移植 圖形化應用程式移植 雲端伺服器架設 低功耗感測器嵌入式Linux物聯網實作專題 性別主流化 專題實作 智慧家庭應用控制 人員管制系統 無人商店","職涯方向
Python開發工程師 | Python 程式設計師 | Big data數據分析工程師 | 影像處理工程師 | AIOT 影像辨識工程師",因應未來AI(Artificial Intelligence人工智慧)應用產業發展人才需求將快速增長，此課程規劃的內容架構是經由本中心的教務師資群們透過廠商求才的職務需求及目前人力銀行AI嵌入式物體偵測與辨識應用開發職缺所精心規劃以實作為導向的教學課程。 由產業資深講師引導從建置ARM Cortex-A72Series Linux環境開始，撰寫Python程式，結合數據分析、機器學習與深度學習，並整合機器視覺應用；完整且有系統規劃的課程內容，帶領學員熟悉AI嵌入式開發環境建置、數據分析、OpenCV機器視覺搭配AI人工智慧自動學習辨識特徵，實現AI機器視覺辨識與嵌入式整合技術應用。快速踏入AI嵌入式領域並擁有專業能力與就業競爭力，能夠立即投入智慧電子產業。
1,20200707,ARM IOT + Realtime system + WI-FI、BLE、LoRa,開課日期 109年7月10日至109年9月15日,"['1. 無基礎有志投物AIOT(人工智慧物聯網)應用技術領域發展者。', '2. 社會新鮮人、退役軍人、轉職半導體科技產業待業者。', '3. 欲從事半導體相關工作，學習影像辨識整合數據分析與AI互動應用者。']","課程大綱 C語言程式設計與資料結構 Introduction to C Looping, Branching and Jumps Functions Arrays, Pointers and Character String Storage Class File I/O Structures Bit Manipulations The C Preprocessor 課程實作 迴圈控制 函式與參數應用 陣列與指標 嵌入式處理器實務開發 ARM系統架構 ARM Cortex Mx 概要 開發板與工具 週邊控制應用 模組實務開發 課程實作 G-sensor模組應用 環境光源感測器模組應用 溫濕度模組應用 高度計模組應用 溫度感測 大氣壓力模組應用 ARM單晶片電路設計與佈局實戰 Introduction to Electronic Components (電子元件介紹) Introduction to Kicad (KiCAD 介紹) Electronic Design (電路設計) PCB Layout (電路佈局) PCB SMT (PCB 洗板與SMT加工) 課程實作 電路設計與佈局 電路焊接 ARM USB通訊韌體開發 Android Overview Android Architecture ARM USB Framework ARM USB Host Introduction to ARM Cortex-M7 MCU Environment Setup USB firmware development Introduction to Android APP ARM USB Driver ARM USB Host Class ARM USB APP development Integrate to ARM USB 課程實作 ARM USB LED應用 ARM USB Button應用 ARM USB 溫度感測應用 ARM USB 氣壓感測應用 ARM USB 濕度感測應用 RM USB 數據傳輸應用 ARM即時作業系統移植實作 多軸機械即時系統 移植uC/OS-II 到ARM Cortex-Mx 平台 uC/OS-II 應用 移植FreeRTOS到ARM Cortex-Mx平台 FreeRTOS 應用 RTOS整合實務 課程實作 多軸機械手臂 物聯網通訊協定(M2M) (WI-FI、BLE、LoRa) IOT開發平台 IOT感測應用 連結實體網路 物聯網雲端伺服器 MQTT(MQTT實作) BLE4.0開發平台 nRF51感測應用 連結實體網路 連結實體網路 物聯網應用程式 LoRa開發平台 LoRa Gateway LoRa長距離低功耗應用 LoRa 物聯網系統整合 溫溼度擷取 課程實作 智能機械手臂抓取器 ARM BLE4.0藍牙整合晶片開發及 Android應用程式開發 利用LoRa長距離特性進行物聯網感測器整合，並將感測資料處理後上傳至雲端進行系統分析。 性別主流化 專題實作 智能雙機械手臂協調控制 智能機械故障預測/診斷器 空拍四軸飛行器","職涯方向
嵌入式軟體工程師 | 韌體工程師 | 手持裝置開發工程師 | 資訊家電設計師 | 硬體工程師 | 車用電子工程師 | 物聯網工程師",此課程規劃的內容架構是經由本中心的教務師資群們透過廠商求才的職務需求及目前人力銀行自動控制及物聯網應用相關職缺所精心規劃以專題實作為導向的教學課程。 課程著重在ARM單晶片即時作業系統與感測器物聯網技術整合，使用低功耗高性能ARM單晶片實作物聯網中的感知網路層，學員可實務熟悉包含WIFI通訊協議、BLE藍牙4.0通訊協議及Lora長距離低功耗通訊協議技術應用，並學習服務層與應用層間的MQTT連結技術進行資料傳遞。並且搭配即時作業系統實現即時多工感測技術，打造智慧聯網家電與工業4.0智慧物聯網監控，結訓帶回自己使用KiCAD繪製設計電路圖並佈局的PCB板。 課程的階段性銜接脈絡清晰、循序漸進，使用技術講師群自行研發物聯網開發平台搭配多樣的周邊感測器模組，有助於學員在時程內完整吸收課程精華，快速踏入物聯網領域並擁有專業能力與就業競爭力，能夠立即投入智慧電子產業。
2,20200707,Embedded Linux + Android + IoT,開課日期 109年9月2日至109年11月13日,"['1.無基礎，有志投入物聯網系統技術領域發展者', '2.針對社會新鮮人、退役軍人、待業想轉職就業跨半導體科技產業者', '3.從事半導體相關工作，欲學習物聯網系統技術開發者', '4.欲學習跨入工業4.0物聯網技術開發者']",課程大綱 嵌入式Linux作業系統 Linux系統介紹 Linux安裝與硬碟配置設計 GNU&Unix指令 檔案權限管理 Linux系統工具程式 網路設定與應用 遠端伺服器架設與管理 課程實作 檔案系統管理 使用者帳號建立與管理 磁碟掛載與卸載 C語言 程式設計 C語言簡介 迴圈、選擇、跳要敘述 函式、陣列 儲存類別、檔案讀寫 結構、位元處理 前置處理器 課程實作 迴圈控制 函式與參數應用 陣列與指標 嵌入式Linux系統程式設計 檔案讀寫、檔案與目錄結構 程序、執行緒、訊號 網路程式設計 跨程序資料傳遞 指令碼設計 基礎編譯流程 課程實作 GNU工具鏈的使用 Linux程式開發技巧與實作 學習在Linux系統下撰寫控制不同硬體平台的程式 嵌入式系統概論 CISC與RISC架構介紹 數位電路與邏輯設計概論 FPGA架構 嵌入式Linux系統移植實作&物聯網應用 嵌入式Linux物聯網系統介紹 ARM 系統架構&開發板介紹 GNU 工具軟體 嵌入式開發工具軟體&除錯工具 嵌入式Linux物聯網開發軟體測試工具 開機管理程式介紹 嵌入式系統核心 檔案系統 開放源碼程式移植 IOT開發平台介紹及感測應用 Linux驅動程式 嵌入式Linux物聯網雲端伺服器 課程實作 驅動LCD液晶螢幕 驅動LED、Button、SD Card 開機顯示圖像至LCD螢幕 移植觸控螢幕、RTC晶片 新增硬體裝置驅動程式至Linux Kernel Webcamov511snc9c10x視訊晶片驅動移植 Busybox檔案系統製作與移植 圖形化應用程式移植 雲端伺服器架設 低功耗感測器嵌入式Linux物聯網實作專題 嵌入式系統程式設計應用實作 Android系統核心移植 Android介紹 Android 架構 Android SDK分析與實作 Android核心與驅動移植技巧 Android 編譯系統 Android HAL 介紹 Android Binder 分析與實務 Android 系統服務分析 Android Native Code Android Camera Service 課程實作 開機自動啟動Android應用程式 Android 8.x 原始碼結構分析 移植RK3399 2D硬體加速至Android 8.x 使用nfs掛載 Android git工具程式使用技巧(整合Android核心與SOC核心) 專題實作 嵌入式數位大頭貼 遠端監控暨警報系統 繪圖嵌入式 GUI圖形介面控制 WebCam影像記錄播放 嵌入式Web Server實作,"職涯發展
嵌入式軟體工程師 | 韌體工程師 | 手持裝置開發工程師 | 資訊家電設計師 | 硬體工程師 | 車用電子工程師 | 物聯網工程師",配合IT、半導體與智慧電子產業專業人才的需求，特別規劃一系列完整的課程。從基礎的程式語言學起延伸到嵌入式linux系統移植，同時整合Android系統並搭配自行研發的週邊模組實作練習，結訓時能完成嵌入式專題。 課程從無到有從基礎紮根穩固，深入 Linux 核心技術及Android框架層(業界手機平板開發的要領及 Android 周邊硬體的整合開發)； 同時，在課程的安排上也相當注重課程前後銜接的階段性，脈絡清晰，希望能培養學員具備此一領域的就業能力，投入這前景看好的市場，學員結業後也可透由本中心提供的就業資訊，成功就業。
3,20200707,嵌入式Linux / Android物聯網系統移植,‧109年9月6日至110年1月31日,"['‧ 無基礎，有志投入Embedded Linux系統技術領域發展者', '‧ 針對社會新鮮人、退役軍人、待業想轉職就業跨半導體科技產業者', '‧從事半導體相關工作，欲學習Linux程式開發技巧與Embedded實作開發者', '‧已在相關領域，欲再增強本身專業技能者及獨立接案者']",本課程由基礎入門，從C語言程式設計開發連結至Linux架構下的程式設計，爾後延伸至Embedded Linux System實作平台系統建置、Android平台框架移植實用技術及OpenCV 影像擷取應用、AIOT人工智慧應用 等...。著重物聯網整合架構開發，帶領學員進入ARM物聯網和AI人工智慧自動學習辨識大門，並針對Android穿戴式裝置做系統移植開發與影像辨識應用。 強調業界實務為導向，並著重硬體與核心間移植技巧及實作。課程的階段性銜接脈絡清晰、循序漸進，有助於學員在有效的時程內完整吸收課程的精華，快速踏入嵌入式領域並擁有專業的就業競爭力。,嵌入式軟體工程師 │韌體工程師 │手持裝置開發工程師│驅動程式工程師│電子書開發工程師│車用電子工程師│Android移植工程師│物聯網工程師,"['  具備嵌入式指標使用技巧、位元運算及檔案I/O探究、記憶體管理、資料結構剖析使用技巧', ' 具備Linux程式開發技巧與實作能力，System V IPCs 使用、 Networking and Socket Programming', '  掌握從無到有開發自己的嵌入式系統、瞭解Embedded開發各環節障礙及如何克服', ' Android平板及Android手機系統層移植，了解Android系統架構及客製化自己的Android平台']"
4,20200707,Embedded Linux系統移植實作,‧109年8月16日至109年9月20日,具備Linux系統安裝與檔案系統架構，熟悉Linux 指令、核心編譯及主機架設。 具備嵌入式C語言指標使用技巧、位元運算及檔案I/O探究、計憶體管理使用技巧 具備Linux程式開發技巧與實作能力，System V IPCs 使用、Networking and Socket Programming。 掌握從無到有開發自己的嵌入式系統、瞭解Embedded開發各環節障礙及如何克服,本課程使用業界全新ARM Cortex-A72 六核心開發板，從最底層SOC晶片系統設計理論， 至上層每個環節的系統建置過程，詳細引導學員做循序漸進的學習。著重嵌入式系統設計架構流程，豐富的實例演練以及完整的移植教材讓學員在最短時間內深入淺出了解嵌入式硬體與 系統核心的移植技巧與建置，同時針對開放源碼應用程式移植做詳細的探討，並藉由實作專題演練讓學員更進一步了解業界相關產品應用與創新；觀念脈絡的清晰使學員能夠在將來業界遇到不同的嵌入式平台時能夠有能力移植與建置系統。,嵌入式軟體工程師 │韌體工程師 │手持裝置開發工程師│驅動程式工程師│ 電子書開發工程師│車用電子工程師│,具備Linux系統安裝與檔案系統架構，熟悉Linux 指令、核心編譯及主機架設。 具備嵌入式C語言指標使用技巧、位元運算及檔案I/O探究、計憶體管理使用技巧 具備Linux程式開發技巧與實作能力，System V IPCs 使用、Networking and Socket Programming。 掌握從無到有開發自己的嵌入式系統、瞭解Embedded開發各環節障礙及如何克服
5,20200707,嵌入式Device Driver開發實務,‧109年9月27日至109年10月18日,適合對象： 具備GUN Software能力者佳 ‧嵌入式系統相關開發人員。 已具備Embedded Linux能力者佳 ‧以修過嵌入式系統相關課程人員 有基礎C語言能力、Linux 程式語言觀念尤佳。 已在相關領域，欲再增強本身專業技能者。,Device Driver(裝置驅動程式) 在Linux核心中扮演和硬體裝置與上層使用者應用程式溝通的重要角色，驅動程式的撰寫與傳統應用程式的開發有著截然不同的設計思維，本課程以豐富的實例演練帶領學員有效的學習Linux 驅動程式設計觀念，並在核心內建立良好的溝通機制，進而新增硬體裝置與上層應用程式做溝通。,嵌入式設計師 │韌體工程師 │資訊家電設計師 │網路應用程式設計 │Linux平台驅動程式等,"以Cortex-A72 六核心開發板實例解說 GPIO (LED, Push Button)， Watchdog、RTC、Serial port 等等切入Driver撰寫的各個層面包含資源配置、中斷處理、同步、記憶體管理等等 導正學員Linux Device Driver Development 的觀念，並撰寫完整的Driver架構與良好的框架。 可以自己撰寫完整的驅動程式架構與良好的框架及實際撰寫程式也了解 user-space與kernel-space 之間的關係。 讓學員實作將自已寫的程式整合到 Linux kernel，並移植到Cortex-A27六核心開發板。"
6,20200707,Android系統整合移植實務,•109年7月12日至109年7月19日,適合對象 已具備Embedded Linux能力而想了解Android系統整合移植者 具Android 驅動移植基礎者 ,Introduction to Android (Android介紹) •Android 演進歷史 •Android優勢 •Android 衍生產品 •Android 分區和檔案系統 •OHA組織   Android Software Stack Architecture (Android 架構) •Android 分層架構 •Android Run Time(ART) •Android Runtime Flow •Android Project Treble介紹 Android Software Development Kit (Android SDK分析與實作) •Android SDK Android Studio •Android Debug tools •Android Debug Birdge (ADB) Android Kernel & Driver Porting (Android核心與驅動移植技巧) •Android 開發環境建置 •Android Kernel 移植技巧 •Android 平台移植流程 •Android Driver 移植技巧 Android Build System (Android 編譯系統) •Android 啟動、備份和重置 •Android init.rc分析 •Android Daemon分析 •Android.mk •Android BSP 建置與實作 •Android Native Code 演練,職涯發展 Android Kernel Porting工程師 Android 系統開發工程師 Android Driver Porting 工程師 手持裝置開發工程師,"以Cortex-A72 六核心開發板實例解說 GPIO (LED, Push Button)， Watchdog、RTC、Serial port 等等切入Driver撰寫的各個層面包含資源配置、中斷處理、同步、記憶體管理等等 導正學員Linux Device Driver Development 的觀念，並撰寫完整的Driver架構與良好的框架。 可以自己撰寫完整的驅動程式架構與良好的框架及實際撰寫程式也了解 user-space與kernel-space 之間的關係。 讓學員實作將自已寫的程式整合到 Linux kernel，並移植到Cortex-A27六核心開發板。"
7,20200707,Android硬體框架整合實務,‧109年10月17日至109年10月24日,適合對象 已具備Embedded Linux能力而想了解Android 框架系統者 具Android 框架移植基礎者 具Android 驅動移植基礎者,Introduction to Android HAL (Android HAL 介紹) ‧Android Legacy HAL 分析 ‧Android HAL Stub 分析 ‧實作 HAL Stub (以Helloworld為例) ‧實作 HAL Stub (以數位濕度感測器為例) Android Binder (Android Binder 分析與實務) ‧Linux IPC介紹 ‧Binder Concepts 觀念分析 ‧Binder Driver 驅動分析   Android Service (Android 系統服務分析) ‧Android Service種類介紹 ‧實作 Android Native Service (以數位濕度感測器為例) ‧BnInterface 與 BpInterface ‧Proxy Object 實作 ‧Android AIDL 分析與實作   Android Native Code ‧Android Native C code ‧Android Native Service Android Camera Service ‧Android Camera HAL分析 ‧Android Camera Service架構 ‧Android Camera Driver 分析  ,職涯發展 Android Kernel Porting工程師 Android 系統開發工程師 Android Driver Porting 工程師 手持裝置開發工程師 Android框架移植系統工程師,"以Cortex-A72 六核心開發板實例解說 GPIO (LED, Push Button)， Watchdog、RTC、Serial port 等等切入Driver撰寫的各個層面包含資源配置、中斷處理、同步、記憶體管理等等 導正學員Linux Device Driver Development 的觀念，並撰寫完整的Driver架構與良好的框架。 可以自己撰寫完整的驅動程式架構與良好的框架及實際撰寫程式也了解 user-space與kernel-space 之間的關係。 讓學員實作將自已寫的程式整合到 Linux kernel，並移植到Cortex-A27六核心開發板。"
8,20200707,ARM單晶片物聯網系統開發,‧109年8月29日至109年12月5日,"['‧ 無基礎，有志投入物聯網系統技術領域發展者', '‧ 針對社會新鮮人、退役軍人、待業、想轉職跨入物聯網系統技術領域發展者', '‧已在相關領域，欲再增強本身專業技能者及獨立接案者']",嵌入式單晶片ARM Cortex-M7系統開發       課程內容 學習重點 Introduction to ARM Architecture ARM Cortex-M7 Fundamentals Development Board & Tools Overview Peripheral Control Module Integration Practice development ARM系統架構介紹 ARM Cortex M7 概要 開發板與工具介紹 週邊控制介紹與應用 模組實務開發,嵌入式軟體工程師 │韌體工程師 │手持裝置開發工程師│資訊家電設計師│硬體工程師│車用電子工程師│物聯網工程師,"['  具備ARM Cortex-M系列單晶片和嵌入式C語言使用技巧、位元運算、中斷設計，暫存器其管理', ' 具備uC/OS-II即時作業系統應用開發能力和FreeRTOS即時作業系統應用開發能力', '  了解物聯網架構核心技術、整合開發能力、掌握物聯網關鍵雲端技術開發能力']"
9,20200707,嵌入式單晶片ARM Cortex-M7系統開發,‧109年8月17日至109年9月2日,  欲從事微處理器/嵌入式開發者   具備C語言程式設計能力,"Introduction to ARM Architecture  (ARM系統架構介紹)   ARM architectural summary   ARM instruction set evolution ARM Cortex-M7 Fundamentals (ARM Cortex M7 概要)   Programmer’s mode   Fixed memory map   Privilege, modes and stacks   Memory Protection Unit   Interrupt handling   Nested Vectored Interrupt     Controller [NVIC]   Power management   Debug Development Board & Tools Overview (開發板與工具介紹)   Introduction to Development Board(STM32F407)   Introduction to Development Tools (Keil RealView MDK)    ‧  Compilation tools    ‧  Debugger    ‧  Simulator    ‧  ST-Link    ‧  JTAG    ‧  Trace capture unit Peripheral Control (週邊控制介紹與應用)   PLL Multiplier Control    GPIO  SysTick and Delay   Interrupt and NVIC   USART   Cortex-M7 FPU   RTC & Alarm   Watchdog (IWDG & WWDG)   Unique Device ID   ADC & CPU Temperature Sensor   I2C    ‧  EEPROM    ‧  BMP180    ‧  SHT20    ‧  ISL29023    ‧  BMA150   2.8"" TFT LCD Panel   DS18B20 1-Wire Protocol   STM32 Timer & PWM   SPI    ‧  Touch Panel IC    ‧  SDMMC Card   DMA   SRAM Module Integration Practice development (模組實務開發)   G-sensor模組應用、環境光源感測器模組應用   溫濕度模組應用   GPS模組應用   高度計模組應用",韌體工程師│車用電子工程師│資訊家電設計師│ 嵌入式軟體工程師│硬體工程師,"['了解Cortex-M7結構及其指令集並熟悉Cortex-M7之嵌入式系統設計方法，進而使用週邊介面開發相關應用，課程搭配中心自行研發i2c感測模組實務演練。', '學員結訓後具備以下技能', '   認識ARM架構及週邊裝置與模組的實作應用。', '   具備ARM Cortex-M系列單晶片使用技巧。', '   掌握從無到有開發自己的微處理器系統應用、瞭解微處理器開發各環節障礙及如何克服。']"
10,20200707,ARM即時作業系統移植實作,‧109年7月12日至109年7月19日,   理工相關科系畢或硬體、韌體設計工程師等有興趣者    欲從事微處理器/嵌入式開發者    具備C語言程式設計能力,Introduction to RTOS  (即時作業系統介紹)   What is an RTOS   Design Philosophies   Multitasking   Scheduling   Memory Allocation   Interrupt Handling Porting uC/OS-II to ARM Cortex-Mx (移植uC/OS-II 到ARM Cortex-Mx平台)   Introduction to uC/OS-II   Features of uC/OS-II   uC/OS-II Kernel Porting uC/OS-II and it's Applications (uC/OS-II 應用範例)   System Tick   Tasks   Task Control Blocks(TCB)   Semaphores   Event Flags   MailBoxes   Message Queues   uC/OS-II GUI Porting FreeRTOS to ARM Cortex-Mx (移植FreeRTOS到ARM Cortex-Mx平台)   Introduction to FreeRTOS   Features of FreeRTOS   FreeRTOS Kernel Porting FreeRTOS and it's Applications (FreeRTOS 應用範例)   Tasks   Scheduling   Interrupt Handling   Semaphores   Event Groups   Queues Integrate RTOS (RTOS整合實務)   G-Sensor   Light Sensor   Temperature and Humidity Sensor   Touch LCD   FAT filesystem,韌體工程師│車用電子工程師│資訊家電設計師│ 嵌入式軟體工程師│硬體工程師,"['學習ARM Cortex-M系列單晶片即時作業系統移植方法與即時作業系統使用觀念，進而了解如何使用在單晶片上實現多工應用。', '學員結訓後具備以下技能', '   認識即時作業系統', '   具備uC/OS-II即時作業系統應用開發能力', '   具備FreeRTOS即時作業系統應用開發能力', '   認識即時作業系統', '   具備uC/OS-II即時作業系統應用開發能力', '   具備FreeRTOS即時作業系統應用開發能力', '   掌握即時作業系統觀念，發揮ARM單晶片最高效能']"
11,20200707,ARM Wifi物聯網整合實作,‧109年8月30日至109年9月6日,本課程實作範例會探討到ARM Cortex-M系列單晶片開發、雲端伺服器架設( Linux Socket Programming) 及Android應用程式開發。建議有興趣 修習本課程的學員需先具備上述基礎。,Introduction to IOT(物聯網介紹) What is IOT? Implementation of IOT IOT V.S Internet Safety of IOT issues Major challenges in IOT Future of IOT IOT Platform (IOT開發平台介紹) Introduction to IOT development board Introduction to IOT cloud server Introduction to IOT client APP (Android) Development environment setup IOT Sensor and it's Applications (IOT感測應用範例) Light control Relay control Interrupt detect Light sensor detect UV sensor detect PM2.5 sensor detect Temperature and humidity sensor detect Motion sensor detect Connect to real world(連結實體網路) Introduction to UART WIFI module UART WIFI protocol Data communication  IOT Cloud Server (物聯網雲端伺服器) Setup IOT Cloud Server  IOT Client APP(物聯網應用程式) Android service Android IOT APP ★ MQTT(MQTT實作) Introduction to MQTT MQTT Subscriber MQTT Publish Free MQTT Server Step to Step Install MQTT Server MQTT Firmware on STM32 Cortex-Mx MQTT APP on Android and Windows Form C#,韌體工程師│車用電子工程師│資訊家電設計師│ 嵌入式軟體工程師│硬體工程師│物聯網工程師,了解物聯網架構核心技術 具備物聯網整合開發能力 掌握物聯網關鍵雲端技術開發能力
12,20200707,ARM藍牙物聯網通訊開發,‧109年8月16日至109年8月23日,本課程實作範例會探討到ARM BLE4.0藍牙整合晶片開發及Android應用程式開發。建議有興趣修習本課程的學員需先具備ARM單晶片開發基礎及Android應用程式開發能力。,1. Introduction to Bluetooth (藍牙介紹)   What is Bluetooth?   Future of BluetoothB   Connection Protocol   Bluetooth Technology   Disadvantages of Bluetooth   Bluetooth vs Other Wireless     Technologies 2.BLE4.0 Platform (BLE4.0開發平台介紹)   Introduction to nRF51 BLE development board   Introduction to nRF51 client     APP (Android)   Development environment setup 3.Sensor and it’s Applications (nRF51感測應用範例)   Light control   Relay control   Interrupt detect   Light sensor detect   Temperature and humidity sensor detect   Motion sensor detect 4.Connect to real world(連結實體網路)   Introduction to BLE4.0 module   BLE4.0 protocol   Data communication 5.BLE4.0 Client APP(物聯網應用程式)   Android BLE 4.0 APP,韌體工程師│車用電子工程師│資訊家電設計師│嵌入式軟體工程師│硬體工程師│物聯網工程師,了解藍牙通訊協議 具備藍牙整合晶片通訊開發能力 掌握藍牙物聯網關鍵雲端技術開發能力
13,20200707,ARM Lora物聯網開發及應用,‧109年9月13日至109年9月20日,  本課程需基本Cortex-Mx系列單晶片基礎，課程使用C語言開發   欲從事微處理器/嵌入式開發者,Introduction to Lora (Lora介紹)   Lora Overview   Lora Architecture   LowPower WAN(LPWAN) Lora Development Platform (Lora 開發平台)   Lora Development Environment   Lora Platform   Lora Debug Lora Applications (Lora 應用)   Lora & Light Sensor    Lora & PM2.5 Sensor  Lora & Humidity Sensor   Lora & Temperature Sensor   Lora & G-Sensor Cloud Server (雲端伺服器)   Setup Cloud Server    Lora MQTT   MQTT Client Lora Integrate (Lora 整合)   Lora 閘道器    Lora遠端溫濕度截取   Lora 遠端震動位移偵測,物聯網工程師│韌體工程師│車用電子工程師│資訊家電設計師│硬體工程師,利用Lora長距離特性進行物聯網感測器整合，並將感測資料處理後上傳至雲端進行系統分析。   Lora 物聯網介紹   Lora Gateway   Lora 長距離低功耗應用   Lora 物聯網系統整合(溫溼度擷取)
14,20200707,ARM USB通訊韌體開發,‧109年8月30日至109年9月6日,具備單晶片及Android APP開發能力者,Introduction to Android (Android介紹) Android Overview Android Architecture Introduction to ARM USB (ARM USB 介紹) ARM USB Framework ARM USB Host ARM USB Firmware (ARM USB韌體開發) Introduction to ARM Cortex-M7 MCU Environment Setup USB firmware development ARM USB APP (ARM USB 應用程式) Introduction to Android APP ARM USB Driver ARM USB Host Class ARM USB APP development  Integrate to ARM USB (ARM USB 整合) ARM USB LED應用 ARM USB Button應用 ARM USB 溫度感測應用 ARM USB 氣壓感測應用 ARM USB 濕度感測應用 ARM USB 數據傳輸應用,ARM 應用工程師 │ARM 系統開發工程師 │ 手持裝置開發工程師,認識ARM USB架構 具備ARM USB應用程式開發能力 具備ARM USB韌體開發能力 掌握USB通訊概念
15,20200707,ARM單晶片電路設計與佈局實戰,‧109年7月31日至109年8月26日,  對電路設計佈局有興趣者   欲從事微處理器/嵌入式開發者,"Introduction to Electronic Components (電子元件介紹)   Multimeters   R,C,L,   Diodes&LED   MOS   Transistor   IC Introduction to Kicad (KiCAD 介紹)   Introduction Printed Circuit Board   Design Schematic   KiCAD Tools   Desgin PCB   PCB Design Process   Electronic Design (電路設計)   Power Circuit Design    Analog Circuit Design(UART,GPIO,SPI,I2C)   Sensor Circuit Design    ARM MCU Circuit Design   Analog Circuit Design    PCB Layout (電路佈局)   PCB Layout Guide    PCB DFM PCB SMT (PCB 洗板與SMT加工)   PCB manufacturer    Soldering your PCB Board   SMT OEM   ",電路設計工程師│佈局工程師│硬體工程師,帶領學員實際使用KiCAD繪製設計電路圖並佈局PCB板，進而送洗PCB板後焊接自己專屬的ARM單晶片開發板。   學習ARM單晶片電路設計   了解PCB電路佈局規範與PCB DFM 可製造性評估   學習送洗PCB板限制與規範
16,20200707,ROS機器人作業系統實戰,‧109年7月18日至109年8月22日 (工業局補助),"[' 本課程需基本Linux指令操作基礎及C/C++語法', ' 從事半導體相關工作，欲學習ROS Robot Programming', ' 已在相關領域，欲再增強本身專業技能者及獨立接案者']",Introduction to ROS (ROS介紹) 課程內容 ROS Overview ROS Framework Architecture ROS Tools ROS 2.0 ROS Basic (ROS 基礎開發) 課程內容 ROS Package Development ROS Node Publish and Subscribe roslaunch ROS Service ROS Client ROS Visualization(ROS 可視化) 課程內容 TF & URDF ROS transform RVIZ 嵌入式ROS Control and Sensing(ROS 控制與感測處理) 課程內容 Motor Control Encoder Motor Gyroscope Attitude LIDIR Battery Monitor ROS Advanced (ROS 進階開發) 課程內容 SLAM Navigation AMCL Move_base Motor_control ROS Integrate(ROS整合) 課程內容 AGV 無人自走車 建立地圖 自主導航 雷達避障功能,自動化工程師 │韌體工程師 │自駕車開發工程師│機械手臂開發工程師,"[' ROS 開發環境設定、ROS 的通訊方 法、ROS 節點撰寫方法、ROS 與     GPIO 的設計方法、ROS與GPIO的應用', ' 基礎開發 – 使用 自製ROS無人車專案，包含ROS資料通訊格式、ROS雷達定位應用、     ROS無人車操控應用', ' 進階開發 – ROS座標系統、ROS環境感知、 ROS自動駕駛、ROS資料融合']"
17,20200707,RPA機器人流程自動化,‧ 109年8月2日至109年9月6日,已在相關領域，欲再增強本身專業技能者。 沒有相關基礎欲了解與學習增加自己於企業相關專業技能者。 企業欲導入機器人流程或部門及個人有提高生產力需求者。,第一階段 - 21小時 UiPath 簡介   RPA 流程自動化重點概念入門變量，數據類型和控制流 變量，數據類型和控制流     變量及資料類別簡易說明  介面佈局屬性面板說明 數據處理  資料修改  資料提取 錄製  使用記錄器添加用戶界面活動   高級 UI 交互  機器人的輸入與輸出  數據搜集結構化 選擇器  選擇器概念介紹  自訂選擇器 Excel和數據表  Excel 各種自動化功能   機器人實戰  機器人實戰-第一隻機器人    製作擷取網頁數據的機械人  機器人實戰-第二隻機器人    製作操作excel的機械人 第二階段 - 21小時 圖片和文字自動化  如何使用Citrix Recorder   高級 Citrix 自動化  自動化操作與應用程序階段同步   PDF  在 OCR 活動中使用閱讀 PDF  使用錨從 PDF 內的字段獲取數據 電子郵件自動化  發送和接收消息  電子郵件過濾和下載附件 調試和異常處理  如何使用調試功能  如何使用查找元素或存在的元素與應用程序同步  TryCatch Activity 如何工作以及如何使用 項目組織簡介  如何使用調用工作流活動  如何以乾淨有效的方式組織項目 機器人實戰  機器人實戰-第三隻機器人    製作OCR辨識PDF的機械人  機器人實戰-第一隻機器人    製作出收發信的機械人,"['RPA 工程師 HR RPA流程自動化工程師/分析師 機器人工程師 (Robotics Engineer)', 'RPA創新應用導入工程師 Banking RPA solution 業務分析師 (Business Analyst)']",課程目標 本課程透過 UiPath 開發工具設計自動化流程機器人，內容包含 UiPath 開發環境、智能錄製流程機器人、流程邏輯、介面互動技術等，培養學員掌握 UiPath 開發工具成為企業數位化轉型的關鍵人才．
18,20200707,AI機器視覺辨識技術應用,‧109年7月25日至109年8月15日 (工業局補助),已在相關領域，欲再增強本身專業技能者       具備Python程式語言基礎        對於影像處理有基本概念者                        ,課程大綱 CH1 - 影像處理與辨識基礎理論 載入圖檔並顯示 色彩空間 寫入圖片檔案 CH2 - OpenCV 4.x 影像處理應用 OpenCV 4.x 架構 影像二維處理 影像強化 影像前處理-二值化、閾值分析 影像濾鏡應用-模糊 影像縮放 CH3 - 邊界偵測 常見邊緣檢測法 Canny邊緣檢測(Edge Detection) CH4 - 特徵偵測 取得影像的特徵點 特徵點描述及比對 CH5 - 物體偵測 人臉偵測與人臉識別 機器學習演算法 資料訓練與分類模型建立 圖形分類 視覺化二維資料分群 手寫資料測試 CH6 - 動態物體偵測 偵測移動物體 臨界值處理 CH7 - DLib影像辨識應用 Dlib套件應用 Dlib特徵點描述 CH8 - HOG應用 HOG特徵原理 HOG比對應用 CH9 - LBP應用 LBP特徵原理 LBP特徵匹配與應用 CH12 - 專題實作 OpenCV 4.x 影像處理實作 影像偵測與擷取模組應用 物體偵測與辨識 手勢偵測與辨識 數字偵測與辨識 數字偵測與辨識 人臉偵測與辨識 材質紋理分類應用 圖形紋理分類應用 機器學習整合應用,電腦視覺演算法/軟體開發工程師,具備AI關鍵技術開發能力及影像偵測與辨識技能。       利用OpenCV 4.x 處理影像視覺等相關設計問題。       可再進一步延伸於多方面的應用，諸如網路爬蟲、數據分析、Web程式、機器學習等。
19,20200707,Spark大數據分析實作,‧109年9月6日至109年10月4日,已在相關領域，欲再增強本身專業技能者       對大數據分析有興趣願意嘗試       ,課程大綱 Python相關簡介 Python開發環境安裝與設定 Python基本資料形態與儲存結構 Python邏輯控制與運算子 PythonClass與Function介紹 PythonList與Dictionary介紹 Python檔案讀寫相關函式庫 專題實作：課程實習演練 Python網路相關函式庫 Python第三方框架支援與介紹 為程式加上介面-基本網站開發 Apache Spark相關簡介 Spark核心架構與組成介紹 Spark安裝與設定 Spark核心元件運用 Class和Function實作 檔案操作實作 網路相關函式實作 Crawler實作 網站API開發實作 網路相關函式實作,Python程式設計師 Python開發工程師 Python開發測試,了解Python程式語言的架構、特性及開發方式式       利用Python 處理一般程式設計問題。       進一步延伸於多方面的應用，諸如網路爬蟲、數據分析、Web程式、機器學習等。      
20,20200707,Python資料分析與機器學習實戰,‧109年8月2日至109年8月16日,已在相關領域，欲再增強本身專業技能者       對資料分析有興趣願意嘗試學習者       ,"課程大綱 CH1 - Python導論 CH2 - 機器學習導論 CH3 - 介紹監督式學習以及非監督式學習演算法 監督式學習方法 (線性回歸, SVM, Decision Tree…) 非監督式學習方法 (K-menas,K-means++…) CH4 - Scikit-Learn機器學習相關應用 介紹Scikit-learn套件 介紹資料標準化(Standardization), 資料清理(Data Cleaning), 補值等等資料前處理概念 利用Scikit-learng套件建立監督式 以及非監督是方法之分類器 CH5 - 專題實習演練 Python語言應用與實作 (包含Function, Dictionary, 檔案操作等) 創意題目構思以及實作 Sklearn package實作 (包含分類、分群等演算法)",Python程式設計師 Python開發工程師 Python開發測試 Python爬蟲開發工程師 數據研發工程師 大數據分析及數據挖掘,熟悉Python程式開發應用領域，也能藉由Python package實作機器學習演算法，藉此有能力解決工作上及日常生活中的分析需求。       
21,20200707,Python AI深度學習實戰,‧109年7月12日至109年7月26日  ,已在相關領域，欲再增強本身專業技能者       對AI領域有興趣願意學習者       ,"課程大綱 CH1 - 機器學習 vs 深度學習 CH2 - 深度學習 介紹神經元(Neuron) 類神經網路(Neural Network) 深度學習之應用範圍 激勵函數(Activation function) 深度學習相關內容 CH3 - 開發環境建置與操作 ( Google Colaboratory) CH4 - 介紹多種深度學習類神經網路架構 (DNN, CNN, RNN …) 介紹CNN的網路架構 利用CNN建立圖像辨識分類器 使用keras建立CNN架構 介紹RNN的網路架構 利用RNN建立文章分類器 使用keras建立RNN架構 CH5 - 專題實習演練 Tensorflow/keras實作教學 模型評估、參數調整介紹 MNIST手寫數字辨識、CIFAR-10物件辨識實作 創意題目構思以及實作",職涯發展 Python程式設計師 Python開發工程師 Python開發測試 Python爬蟲開發工程師 數據研發工程師 大數據分析及數據挖掘,循序漸進、由淺入深地帶領大家理解深度學習的內容，包含常見的CNN與LSTM演算法，並且透過相關的Python package手把手的帶領大家實作各種不同的深度學習專案。       
22,20200707,聊天機器人與自然語言處理,‧109年10月4日至109年10月18日,已在相關領域，欲再增強本身專業技能晉升高薪AI新人才者       對投入AI新數位互動應用機器人產業有興趣者       ,"課程大綱 CH1 - 自然語言處理概論 CH2 - 爬取網頁資訊 拆解與解析 HTML 網頁內容 利用 Request 與 Beatifulsoup 靜態頁面的資料爬蟲概念 CH3 - 多種分析網頁文本的方法 文本前處理 文本特徵萃取 常見的NLP演算法 (TF-IDF, text-rank...) CH4 - 詞向量模型 Bag-of-word word2vec auto encoder CH4 - 聊天機器人如何讀懂人類的自然語言 語意理解 Line bot 串接方法 Line bot 的多種應用 CH5 - 專題實習演練 Python語言應用與實作 Nltk package熟悉與實作 文章分析應用實作 架設語意學習引擎 Line bot串接實作",大數據分析工程師 Python爬蟲開發工程師 AI互動應用開發工程師 大數據分析及數據挖掘,讓學員能夠熟悉Python程式開發，並藉由此堂課學習如何將自然語言套用在line bot上，從而實現具有語言處理功能的聊天機器人。       
23,20200707,Linux系統管理(ubuntu / Fedora),‧109年9月2日至109年9月3日,適合對象：‧無基礎，有志投入Embedded Linux系統技術領域發展者。 ‧針對社會新鮮人、退役軍人、待業想轉職就業跨半導體科技產業者。 ‧從事半導體相關工作，欲學習Linux程式開發技巧與Embedded實作開發者。 ‧已在相關領域，欲再增強本身專業技能者。,1.Linux System Introduction 2.Linux Installation ＆  Design hard disk layout 3.GUN and Unix Commands 4.Filesystems Hierarchy Standard 5.Linux Filesystems Administration 6.Using file permissions-tocontrol accesstofiles 7.Network Service ＆ Manage 8.Linux使用系統管理 (專題課程實習),['Linux系統管理工程師'],Linux課程將詳細的介紹Linux系統安裝及 主機管理、Filesystem架構、 熟悉UNIX Command及Kernel Compiler。
24,20200707,課程名稱：嵌入式Linux系統程式設計 (Embedded Linux System Programming),‧109年9月6日至109年10月11日,‧需具備C語言基礎，有志投入嵌入式系統技術領域發展者。 ‧針對社會新鮮人、退役軍人、待業想轉職就業跨半導體科技產業者。 ‧從事半導體相關工作，欲學習Linux程式開發技巧與嵌入式系統實作開發者。 ‧已在相關領域，欲再增強本身專業技能者。,課程大綱：1.I/O Routines & File and Directory Maintenance 檔案讀寫、檔案與目錄結構 2.Processes 程序 3.POSIX Thread 執行緒 4.Signals 訊號 5.Network Programming(Socket Programming) 網路程式設計 6.InterProcess Communication 跨程序資料傳遞 7.Shell programming 指令碼設計 8.Basic Compilation Process 基礎編譯流程,['嵌入式Linux系統程式設計工程師'],1.能夠運用Linux系統函式來   開發Linux應用程式 2.利用Linux程式開發工具，學會如何   用程式去控制嵌入式相關硬體 3.本課程為實體教學，絕不使用線上學習，   以提供學員最專業的嵌入式實作教學
25,20200707,C語言程式設計,‧109年8月1日至109年8月9日,適合對象：‧無須任何程式語言基礎，有志投入嵌入式系統或單晶片技術領域發展者。 ‧針對社會新鮮人、退役軍人、待業想轉職就業跨半導體科技產業者。 ‧從事半導體相關工作，欲學習嵌入式或單晶片軟體開發、韌體設計者。 ‧已在相關領域，欲再增強本身專業技能者。,"‧C語言簡介 ‧迴圈、選擇、跳要敘述 ‧函式 ‧陣列、指標、字串 ‧儲存類別 ‧檔案讀寫 ‧結構 ‧位元處理 ‧前置處理器 Introduction to C Looping, Branching and Jumps Functions Arrays, Pointers and Character String Storage Class File I/O Structures Bit Manipulations The C Preprocessor",['C語言程式設計工程師'],C語言程式設計課程包括資料處理、程式架構、流程控制、陣列及指標、字串處理與前端處理程式等，瞭解程式執行及撰寫的概念，進而培養程式設計與邏輯能力。完整的課程培養你嵌入式系統或單晶片實務開發的實力基礎！
26,20200707,Java程式設計 (Java Programming),‧109年9月27日至109年10月18日,無基礎，想學習JAVA程式設計者。 有志投入網際網路、企業與行動應用等程式設計領域開發者 針對社會新鮮人、退役軍人、待業想轉職就業跨Android應用程式業者。 已在相關領域，欲再增強本身專業技能者。 網際網路、企業與行動應用等程式設計領域開發者,"Ch1 - 開發工具安裝與 第一支Hello程式 Introduction to Java Programming Language Java Development Kit Ch2 - 運算子與敘述 Arithmetic Operations General Operators Expressions, Statements & Blocks Type Conversions Member Access Ch3 - 流程控制 Branching & Jumps Looping Ch4 - 陣列與列舉 Array Arrays of Arrays Enumeration Types Ch5 - 物件導向與抽象類別 Class & Object Inheriting & polymorphism Packages & Constructor Interface & Abstract Encapsulation Ch6 - 巢狀類別與巢狀介面 Nested Type Inner Classes Nesting Interface Ch7 - 泛化型別 Generic Type Subtyping and Wildcards Wildcard Capture Ch8 - 群集 Collections Iteration Collection interface Set、List、Queue、Map Ch9 - 例外處理 Exception Types throw & throws Try, catch & finally Assertions Ch10 - 多執行緒 Threads Synchronization wait & notify Thread Scheduling Deadlocks",Java程式設計師 JSP網站程式設計師 Android行動應用程式設計師,具備JAVA程式語言使用技巧、流程控制、例外處理與多工處理等能力 具備使用JAVA程式語言之開發能力 掌握從無到有開發自己的JAVA程式、瞭解開發程式之各環節障礙及如何克服
27,20200707,Android 雲端應用程式開發,‧ 109年9月27日至109年12月27日,"無基礎欲從事網際網路、企業與行動應用等程式設計領域開發者。 針對社會新鮮人、退役軍人、待業想轉職 Java/Android 應用軟體開發者。 大四/研究所學生專題應用與實驗開發,欲以 Java 程式語言為開發者。 想取得IPAS行動裝置Android程式設計師認證資格者。",Java程式設計  課程內容 Development Tools installation program with the first team Hello Operator and Narration Flow Control Array list Object-oriented and abstract category Nested categories and nested interface Generalization typed Cluster Exception handling Multithreading Android應用程式開發實務    課程內容 從 Java 開發工具導入 Android 基本GUI與MVC觀念 Activity週期與Intent切換 Collect與GUI Alerts 檔案與資料庫 地圖與圖層 位置與導航 多媒體應用-I 多媒體應用-II 硬體控制 社群連結整合實務 QRCode整合應用 伺服器程式設計 課程內容 開發工具安裝與第一支伺服器應用程式 JSP Programming Elements Form Process & Cookie EL & JSTL Web Application & Session JSP & JDBC Server File Process Servlet Programming 專題實作演練 課程內容 運用Get/Post進行資料傳輸 使用Java Socket進行點對點控制 在Client Server架構下實現雲端控制應用,Java 應用程式設計師 Java 動態網頁程式設計師 JSP 網站程式設計師 網站後台系統開發人員 Android 行動應用程式設計師 企業應用系統開發人員,Android應用程式教學實錄 本課程從JAVA語言程式設計著手，並進一步了解Client/Sever溝通技巧，應用於Android應用程式開發，由淺入深以業界實務為導向教學。 深入了解在Android架構下建置應用程式，運用Java程式語言開發前後台系統，並透過Java JSP與Servlet進行前後台溝通；專題實務以透過ESP8266周邊模組，進行wifi無線通訊遠端控制遙控車。
28,20200707,Android應用程式開發實務,‧ 109年10月25日至109年11月22日,對Android應用程式開發有興趣者 想從事多媒體手持裝置應用開發者 Java Programming Concept Object-Oriented Programming Concept,從 Java 開發工具導入 Android ‧Introduction to Android ‧Android Development Tool ‧Android Architecture   基本GUI與MVC觀念 ‧Using XML Layouts ‧MVC Model ‧Basic Widgets   Activity週期與Intent切換 ‧Activity & Activity Lifecycle ‧Intents & Services ‧AsyncTask Collect與GUI Alerts ‧Menus ‧Adapter & Selection Widgets ‧Dialog Boxes ‧Notification 檔案與資料庫 ‧File System Architecture ‧SQL Database ‧Preferences ‧Content Provider ‧Files   地圖與圖層 ‧The WebView and WebKit Browser ‧Google Maps 位置與導航 ‧GPS Location   多媒體應用-I ‧Audio & Video ‧MediaPlayer & MediaRecorder 多媒體應用-II ‧Graphics ‧Animation 硬體控制 ‧Sensor ‧NFC ‧Bluetooth 社群連結整合實務 ‧Socket mechanism ‧Instant Messenger Example ‧Interactive Games Example QRCode整合應用 ‧Generate QR Code ‧QR Code Scanner Example,Java程式設計師 JSP網站程式設計師者 Android行動應用程式設計師 企業應用系統開發人員 Google雲端運算程式程式設計師,Android應用程式教學實錄 Android應用程式開發實務課程包括Android系統架構、開發流程及圖形介面開發 ...等課程，讓學員能深入理解在Android架構下建置UI應用程式，完整的課程培養你Android應用程式開發的能力。  學員結訓後具備以下技能 熟悉Android系統架構 熟悉Android開發流程與其工具使用 深入了解Android UI各項工具與其應用
