id,audience,content,during,hours,price,purpose,title,today
0, 適合對象 1.資訊技術 (IT) 與信息安全 (IS) 相關經理人 2.風險管理相關經理人 3.公司治理、政策制定經理人 4.欲從事ISO 27001諮詢、顧問之人員 5.內部稽核員、電腦稽核員  ,1.資訊安全管理系統要求 (ISO/IEC 27001) 2.資訊安全管理系統要求 (ISO/IEC 27001)、管理系統稽核指引(ISO 19011)、驗證稽核要求 (ISO 17021) 3.管理系統稽核指引 (ISO 19011)-稽核過程演練-稽核準備與計畫  4.管理系統稽核指引 (ISO 19011)-稽核過程演練-稽核起始會議、執行現場稽核活動、稽核員角色與稽核技巧演練 5.管理系統稽核指引(ISO 19011)-稽核過程演練-稽核結束會議、稽核發現追蹤與認證 ,"['2020/07/13 ~ 2020/07/17 每週一二三四五', '2020/07/18 ~ 2020/07/26 每週五六日', '2020/08/10 ~ 2020/08/14 每週一二三四五']",時數：40小時,"費用：NT$ 50,000",此課程為「行政院國家資通安全會報」認可之資通安全專業證照 資訊(Information)可說是現今最為重要的無形資產，也是企業成功的基礎與命脈。如何確保客戶與公司內部資訊的安全性、完整性及可用性，是當今最重要的課題之一。資訊安全管理系統(Information Security Management Systems，ISMS)正是因應維護資訊安全而發展出來的重要標準。 本課程結合課堂簡報、小組討論、經驗交流、角色扮演、情境演練等，透過參與式 (participated learning) 學習，培養學員下列的能力： 1.了解資訊安全管理系統的目的、對組織帶來的益處、管理系統與相關標準、管理系統內部稽核、供應商稽核與第三方認證等要求。 2.了解管理系統稽核指引 ISO 19011 (與認證規範  ISO 17021) 中，稽核員的角色與能力的要求，包含稽核計畫、執行、報告、發現追蹤到完成稽核。 3.如何應用管理系統稽核指引 ISO 19011 (與認證規範  ISO 17021) 要求，進行資訊安全管理系統稽核 (包含稽核計畫、執行、報告、發現追蹤到完成稽核)，以確保組織的資訊安全管理系統的有效性，並符合國際標準 ISO 27001 (或 ISO 27002)要求。 ,ISO 27001：2013資訊安全管理系統主導稽核員訓練課程,20200712
1, 適合對象  跨領域學習工作者 對網路安全技術有興趣者 初階系統/網路工程師   , Explain the OSI and TCP/IP Models (解釋OSI和TCP/IP模型) Explain properties of network traffic (解釋網路流量的性質) Install and configure switched networks (安裝和配置交換網路) Configure IP networks (配置IP網路) Install and configure routed networks (安裝和配置路由網路) Configure and monitor ports and protocols(配置和監視端口和協議) Explain network application and storage issues (說明網路應用和儲存問題) Monitor and troubleshoot networks (監控網路並排除故障) Explain network attacks and mitigations (說明網路攻擊和緩解措施) Install and configure security devices (安裝和配置安全設備) Explain authentication and access controls (說明身份驗證和訪問控制) Deploy and troubleshoot cabling solutions (部署和故障排除佈線解決方案) Implement and troubleshoot wireless technologies (實施和故障排除無線網路技術) Compare and contrast WAN technologies (比較和對比廣域網路技術) Use remote access methods(使用遠端存取方法) Identify site policies and best practices(識別政策和最佳做法)  ,"['2020/07/27 ~ 2020/07/31 每週一二三四五', '2020/08/15 ~ 2020/08/29 每週六日', '2020/09/21 ~ 2020/09/25 每週一二三四五']",時數：40小時,"費用：NT$ 45,000",資訊與通信科技（Information and Communication Technology，簡稱ICT）日新月異，基於網際網路的新運算方式，無遠弗屆的網際網路，CompTIA Network + 認證課程是國際公認的基礎級計算機網路技能認證，提供您在安裝，配置網路時所需的基本技能和對網路技術進行故障排除的基本原理。藉由本課程您將學習LAN，WAN和無線網絡的不同網路協定和產品的功能，了解TCP / IP定址和協定的功能和特性，識別對網路安全的威脅以及適當的對策和控制，安裝和配置管理網路設備，監視和排除網路故障，增加對網路概念的了解和理解，並獲得所需的技能。 ,CompTIA Network＋國際網路認證班,20200712
2, 適合對象  資訊機房(Data Center)管理、維護者 資訊機房(Data Center)相關IT人員或是負責營運的人員 資訊部門主管或是相關人員 想取得CDCP國際認證者 學習如何建置符合企業需求資訊機房(Data Center)的人員   ,"Importance and Causes for Downtime Standards and Best Practices Data Centre Location, Building and Construction •   Selecting appropriate sites and buildings and how to avoid pitfalls •   Various components of an effective data center and supporting facilities setup Raised Floor/Suspended Ceiling •   Uniform, concentrated and rolling load definitions •   Applicable standards •   Raised floor guidelines •   Signal Reference Grid, grounding of racks •   Disability act and regulations •   Suspended ceiling usage and requirement Light •   Standards •   Light fixture types and placement •   Emergency lighting, Emergency Power Supply (EPS) Power Infrastructure •   Power infrastructure layout from generation to rack level •   ATS and STS systems •   Redundancy levels and techniques •   Three-phase and single-phase usage •   Power distribution options within the computer room •   Power cabling versus bus bar trunking •   Bonding versus grounding •   Common Mode Noise and isolation transformers •   Distribution boards, form factors and IP-protection grades •   Power quality guidelines •   Real power versus apparent power •   How to size and calculate load in the data center •   Generators •   Static and dynamic UPS systems, selection criteria, how they operate and energy efficiency option •   Battery types, correct selection and testing •   Thermo-graphics Electro Magnetic Fields •   Electrical fields and magnetic fields definitions and units of measurements •   Sources of EMF •   Effects of EMF on human health and equipment •   (H)EMP •   Standards •   EMF shielding solutions Equipment Racks •   Rack standards, properties and selection criteria •   Security considerations •   Power rail/strip options Cooling Infrastructure •   Temperature and humidity recommendations •   Cooling measurement units and conversion rates •   Sensible and latent heat definitions •   Differences between comfort and precision cooling •   Overview of different air conditioner technologies •   Raised floor versus non-raised floor cooling •   Placement of air conditioner units and limitations to be observed •   Supplemental cooling options •   Cold aisle/hot aisle containment Water Supply •   Importance of water supply and application areas •   Backup water supply techniques Designing a Scalable Network Infrastructure •   The importance of a Structured Cabling System •   Planning considerations •   Copper and Fiber cable technology and standards •   ANSI/TIA-942 Cabling hierarchy and recommendations •   Testing and verification •   SAN storage cabling •   Network redundancy •   Building-to-building connectivity •   Network monitoring system requirements Fire Protection •   Standards for fire suppression •   Detection systems •   Various total flooding fire suppression techniques and systems, their benefits and disadvantages •   Handheld extinguishers •   Signage and safety •   Regulatory requirements and best practices Physical Security and Safety •   Physical security considerations •   Physical safety considerations Auxiliary Systems •   Data center monitoring requirements •   EMS, BMS and DCIM •   Water leak detection systems •   Alarm notification Operational Considerations •   Service Level Management •   Organization •   Safety •   Security •   Facilities maintenance •   Monitoring •   Governance ","['2020/07/27 ~ 2020/07/28 每週一二', '2020/09/03 ~ 2020/09/04 每週四五', '2020/10/07 ~ 2020/10/08 每週三四']",時數：14小時,"費用：NT$ 60,000",現階段大多數企業都建置IT系統，依靠IT提供關鍵服務，因此資訊機房(Data Center)變成每個企業不可或缺的重要單位，更是企業競爭力的必備條件之一。雖然大部分企業都知道資訊機房(Data Center)的重要性，在建置時卻未必能符合需求，不論是可用性、安全性與效率常常無法因應各種需求，更可怕的是，資訊機房(Data Center)一旦出問題，可能影響整個企業的未來！除了資訊機房(Data Center)的設備無法符合需求以外，隨著相關技術的更新，更考驗著資訊機房(Data Center)的管理人員，而企業對於這些相關管理人員也無法提供更完善、更專業的教育訓練，大部分只能靠著傳承的經驗、上網查詢、見招拆招。 恆逸提供針對資訊機房(Data Center)相關管理人員的完整教育訓練，由國際權威性的資訊機房領域專業認證原廠：EPI (Enterprise Products Integration)提供的Data Center系列認證，從基礎技術到進階管理，包含完整的資訊機房人員認證架構。 EPI同時也是許多國際性的大型企業一致推崇的資料機房專家。在EPI提供的系列認證中，CDCP (Certified Data Centre Professional)是系列認證的基礎，而CDCP認證更是資訊機房(Data Center)管理中必備的專業認證。 恆逸取得EPI原廠授權教育訓練中心，開辦「CDCP資訊機房管理國際認證班」，課程將帶您理解資訊機房的關鍵組成要素，並教您該如何最佳設置及改善資訊機房，例如：電源、冷卻、電路安全等等，以確保您的資訊機房可以保持運作並符合企業需求，同時課程也會指導您管理資訊機房以及維護上的專業，讓您的資訊機房可以發揮更高的效用。 ,CDCP資訊機房管理國際認證班,20200712
3, 適合對象 有Dreamweaver與Bootstrap使用經驗，希望學會與PHP/MySQL整合使用者  ,1.Bootstrap頁面準備與相關擴充元件應用 1-1.建構Bootstrap頁面 1-2.Bootstrap頁面相關元件使用 1-2.Bootstrap表單元件 1-3.表單檢驗 2.PHP環境設定與MySQL資料庫使用 2-1 PHP環境的安裝與設定 2-2 使用phpMyAdmin建立MySQL資料庫 2-3 MySQL資料庫管理 2-4 在Dreamweaver中連結MySQL資料庫 3.最新消息 3-1 最新消息資料庫 3-2 加入最新消息 3-3 詳細消息內容 4.會員專區 4-1 會員專區資料庫 4-2 會員頁面與會員登入頁 4-3 加入會員 4-4 補寄會員登入帳號密碼 4-5 會員專區 4-6 會員資料修改 5.線上購物 5-1 購物商品頁面 5-2 商品詳細頁面 5-3 購物車頁面 5-4 訂購單頁面 5-5 查詢訂單頁面 6.管理者維護功能頁面 6-1 管理者登入 6-2 會員管理 6-3 最新消息管理 7.商品管理功能頁面 7-1. 商品分類管理 7-2. 商品上架管理頁面 7-3. 新增上架商品頁面 7-4. 客戶訂單管理頁面 8.PHP 網站上線 8-1 申請免費支援PHP 與MySQL 資料庫的網站空間 8-2 使用免費支援PHP 與MySQL 資料庫的網站空間 8-3 整理相關頁面並FTP上傳 ,"['2020/08/03 ~ 2020/08/06 每週一二三四', '2020/09/14 ~ 2020/10/07 每週一三', '2020/10/26 ~ 2020/10/29 每週一二三四']",時數：24小時,"費用：NT$ 12,000",Dreamweaver CC 2015之後的版本，已將Bootstrap整合為內建功能，因此包括製作Bootstrap相關功能元件也都可以輕鬆由內建介面操作，即可迅速加入各功能元件。 本課主要針對有經驗的網頁設計師所設計，講師不用生硬的程式語法為授課內容，而是教您學會使用現成元件與程式碼片段，學會套用、修改、整合，也可以完成有資料庫功能的互動式Bootstrap響應式網頁結構的購物網站。 這堂課就要教您如何善用現有的模組，以免費的PHP與MySQL為主要程式語法，整合Bootstrap響應式網頁結構，您也可以具備更進階的網頁設計實力。 ,Bootstrap網頁實作PHP Apache商業網站,20200712
4, 適合對象  電腦、資訊等相關科系畢業生，為獲取更多更深的企業資訊管理知識與取得專業國際認證者 沒有任何資訊技術背景或想轉職進入熱門資訊產業者 從基礎觀念開始導入，適合想打好進入資訊產業的強健體魄者 資訊產業新手，想厚植專業技能，加強自身就業競爭力及提升就業薪資   ,網路基礎  網路基礎架構與網路服務  Windows系統管理建置  Windows Server 2016的安裝、儲存及運算 Windows Server 2016的網路功能 Windows Server 2016的身分識別 MCSA(Microsoft Certified Solutions Associate)認證考試輔導  Linux系統管理建置  Red Hat Linux系統管理實務訓練課程Ⅰ Red Hat Linux系統管理實務訓練課程Ⅱ RHCSA(Red Hat Certified System Administrator)認證考試輔導  Cisco網路通訊管理  CCNA認證-建置與管理Cisco解決方案 CCNA(Cisco Certified Network Associate)認證考試輔導  雲端虛擬化  Microsoft Azure雲端技術入門 VMware虛擬化技術入門  就業前置作業輔導  產業現況分析 履歷撰寫及面試技巧 就業輔導與企業媒合  ,"['2020/07/31 ~ 2021/01/19 每週一二四五', '2020/11/09 ~ 2021/03/26 每週一二四五']",時數：560小時,"費用：NT$ 89,000",根據 104 人力銀行「2020 薪酬趨白皮書調查」指出，產業加薪幅度三強分別為： 軟體及網路相關業、金融業、半導體，其中「軟體及網路相關業」調薪幅度最高，平均調薪4.4%居產業之冠，連續三年蟬聯第一。 資訊產業人才需求量大，相較於其他產業，也有較大的調薪幅度以及發展空間，未來前景佳。但萬事起頭難，對於想跨入資訊產業的人而言，專業技術的「繁」與「多」是每一位新鮮人在選擇時最難了解的部份。如果在初次面對選擇時能透過專業、豐富的教學資源，有系統地建立正確的開始，便能有效減少走冤枉路的可能性，順利進入熱門資訊產業發展。 恆逸養成班以就業為導向，培養符合業界需求的資訊人才，學員結業後表現深獲企業肯定，是業界爭相合作的徵才管道。本課程由原廠認證專業講師群親自帶領，幫助您掌握進度並打穩基礎，一步步學習網路伺服器的架設維護、Windows和Linux系統管理建置、Cisco網路通訊管理，以及當紅的Microsoft Azure和Vmware雲端虛擬化管理技術等，並提供認證考試輔導，協助您順利考取國際熱門認證，找工作更有競爭力！結業即就業！ ,全方位網路系統工程師就業認證養成班,20200712
5, 適合對象  想要撰寫或設計網頁的設計師 想要了解用戶端開發技術的程式設計師 想要撰寫網站應用程式的程式設計師   , JavaScript簡介 JavaScript變數宣告方式、變數範圍、程式語法與基本型別 學習程式條件判斷與流程控制語法，了解各種運算子的使用特性，包括數學運算子、比較運算子等，以及JavaScript錯誤處理 撰寫Functions以重複使用程式碼，了解變數生命周期 建立與使用物件，學習陣列、Map、Set集合型別的使用，並了解JavaScript內建的物件，如String、Math等 物件導向基本觀念的建立，利用Prototype設計繼承與使用類別(Class) 使用JavaScript操作文件物件模型(DOM) 了解DOM事件註冊與處理，並了解如何應用Window、滑鼠、鍵盤、事件、表單等事件 了解JSON資料格式與透過AJAX與Promise設計非同步運作程式碼  ,"['2020/08/15 ~ 2020/08/23 每週六日', '2020/10/19 ~ 2020/11/11 每週一三', '2020/10/20 ~ 2020/10/23 每週二三四五']",時數：28小時,"費用：NT$ 22,000",由於網站應用程式的盛行，已經讓JavaScript變成世界最受歡迎的程式語言之一，也是最廣泛使用的用戶端開發語言。本課程適合欲學習純JavaScript程式語言的初學者，了解基本語法和程式架構，以及物件導向的功能，並能透過事件和瀏覽器上的DOM物件進行互動，上完課程後您將可撰寫在瀏覽器上執行的網頁程式。而ECMAScript 2015則是新一代的JavaScript語言標準，前身稱為ECMAScript 6，改善不嚴謹的JavaScript語法，並可運用來撰寫複雜的伺服端企業級應用程式，例如Node.JS。本課程將涵蓋ECMAScript 5與ECMAScript 2015+語法。 ,JavaScript程式設計,20200712
6, 適合對象  對IT產業有興趣、想從事伺服器管理相關工作者  想學習認識企業建構伺服器有哪些不同的異質平台(如：Windows、Linux、Mac等)可供選擇者   , 企業常見IT伺服器平台介紹 企業常見IT伺服器應用介紹 File伺服器介紹 Proxy/NAT/Firewall介紹 DNS伺服器介紹 Web伺服器介紹 Mail伺服器介紹 集中驗證伺服器介紹 授權伺服器軟體vs.免費伺服器軟體 Hands on Lab  ,['2020/10/30 ~ 2020/10/30 每週五'],時數：7小時,"費用：NT$ 6,000",IT的e化環境，與企業架設伺服器息息相關，這也是企業系統管理員主要的工作內容之一。所以就了解企業的服務需求，在不同的任務導向下，需要建構以下各種伺服器，如：網站伺服器、電子郵件伺服器、檔案伺服器等。而公司的IT政策、IT預算等因素會決定企業依需求建構不同平台的伺服器(如：Windows、Linux、Mac等)。至於商用、免費的伺服器解決方案，其擁護者不一而足，當然也各有其優缺點，但如何在建構前先做好評估作業與協助建議決策，避免屆時有「買問題進門」的困擾，這是最重要一環。但就系統管理人員，對伺服器的認識廣度與深度，和相關應用面認識也都息息相關。本課程除提供伺服器的相關概念介紹外，也針對部分伺服器建構流程進行依劇本不同的實作演練，期能讓您也能夠對架設伺服器不只有所認知，更能實作，讓概念認知與應用能在本課程結合。 ,企業IT服務伺服器架設與選擇方案導覽,20200712
7, 適合對象  想要深入了解及學習Power BI Desktop技術，以豐富資料分析報表者 數據及報表分析人員 想要學習數據分析及商業思考的使用者 熟悉SQL Server報表的建立者   , Power BI產品組合介紹 Power BI Desktop的下載與安裝 Power BI Desktop資料的匯入  A.  不同資料格式的匯入及合併 B.  彙整資料夾中多個相同格式的資料檔 C.  資料的清理、淨化、重塑及轉換 D.  資料表間的合併及附加處理 E.  查詢步驟的組態與調整 F.  查詢的複製、重複及參照 G.  資料錯誤的解決與處理  Power BI Desktop資料建模與管理  A.  組態及優化資料表間的關聯性 B.  強化資料模型中的計算邏輯與格式 C.  DAX語法說明及各類函數的使用 D.  利用DAX公式建立量值及資料行來豐富資料模型的處理 E.  Power BI Desktop範本檔的建立  Power BI Desktop互動式視覺化報表的建立  A.  建立豐富的互動式視覺化儀表板 B.  各項視覺化效果(表格、圖表、地圖......)的運用搭配介紹 C.  各項視覺化效果的細部組態 D.  視覺化效果的進階分析設定 E.  使用書籤串連數據解析及建立故事 F.  自訂視覺化效果的匯入及運用  發佈Power BI Desktop報表至Power BI服務  ,"['2020/08/03 ~ 2020/08/05 每週一二三', '2020/10/31 ~ 2020/11/07 每週六日', '2020/11/16 ~ 2020/11/18 每週一二三']",時數：21小時,"費用：NT$ 20,000",數據分析已成為目前企業決勝的關鍵，唯有對手上的資料數據了解的越多，我們也才能做的更多及更好。此時便需要一個簡單且有效的工具來協助我們了解手上的資料，可是，有這樣一個大數據分析工具存在嗎？這個問題的答案便是Power BI Desktop。 本課程將會介紹如何使用Power BI Desktop擷取各種資料來源中的數據進行清洗及重塑的工作，並將資料載入資料模型進行加值處理及計算，以提高資料儲存及檢索之效能，最後以視覺化的表格、圖表及地圖來反應資料內容與關聯性，使得企業主可快速得到心中疑問的解答，並從大數據中找到提升企業競爭力的商機。 ,Power BI Desktop數據分析實戰,20200712
8, 適合對象 已有C++程式設計基礎、Python程式設計基礎者  ,1.編譯安裝OpenCV 2.Python與OpenCV的連結 3.圖片處理與標記 4.影像的輸出輸入 5.二元影像處理 +5-1 影像與黑白灰階的處理 +5-2影像門檻值選取與轉換 +5-3 影像與輪廓選取 +5-4 影像的擴張與侵蝕運算 6.影像強化與濾鏡 +6-1 顏色值域的轉變 +6-2 亮度與色度的調整 +6-3 濾鏡與convolution運算 7.幾何轉換 8.影像分類與偵測 9.OpenVino框架 +9-1推論引擎 +9-2最佳化模型器 10.OpenCV與OpenVino 11.OpenCV與Yolo框架(V4) 12.OpenCV在Raspberry Pi和Jetson Nano上的處理 ,['2020/11/23 ~ 2020/11/27 每週一二三四五'],時數：35小時,"費用：NT$ 24,000","OpenCV是一個行之有年的影像處理函式庫，除了用在傳統的影像應用程式之外，更被用於各式的深度學習，特別是跟影像相關的議題上。本課程將使用OpenCV處理圖片影像，建立電腦視覺的基礎。在本課程中，當我們學習了openCV的基礎之後，會用在Intel的OpenVino toolkit， 它可以使用CPU作加速，以助於電腦視覺與神經網路的推論，達成一般電腦視覺應用如圖像標記等等任務。由於OpenVino內建許多有用的模型，可以在沒有深度學習建模能力前，依然可以和OpenCV合併使用並且看到結果。 本課程會以Python操作OpenCV方便使用為主, 但會使用Visual Studio 2019講授如何建置OpenCV並且作最佳化與調校參數, 所以需要有簡單的C/C++程式概念但不需要精通。 本課程所講授的YoLo演算法以YoLoV4的建置與使用為主。 ",AI電腦視覺OpenCV ,20200712
9, 適合對象  想要學習資安實用操作技巧的IT人員 對系統的資安有興趣管理，希望能加強實作技巧的IT人員   , 評估系統的資訊安全 評估流程與相關工具 列舉與入侵系統的參考步驟 駭客的矛盾對決 探索與測試 常見服務檢測：電子郵件伺服器 常見服務檢測：網站伺服器 常見服務檢測：搭配伺服器加密需求TLS 跡證保存與警報系統 備份與復原 標準化建立系統與弱掃零檢出 相關實作演練  ,"['2020/07/25 ~ 2020/08/09 每週六日', '2020/10/12 ~ 2020/10/16 每週一二三四五']",時數：35小時,"費用：NT$ 28,000",建立一套標準化的流程，將資訊安全的理論應用於各種日常維運的系統環境中，並順利通過資安弱點掃描評估。這個課程整合資訊安全的理論與實務的技術操作，從系統環境的安裝建置開始、減少攻擊面、套用標準化的安全政策、更新策略…，所對應的流程與工具介紹。內容包含大量的實務操作，透過實際演練的過程，讓您能在課程中體現資訊安全的諸多面向。最後，藉由跡證保存與警報系統、備份與還原等單元介紹，讓防禦工事的建構更加完整且更有效率。 ,資訊安全分析實務-方法、流程與工具,20200712
10, 適合對象  系統管理人員 軟體開發人員(主要以AWS開發DevOps，搭配營運目的為主；非一般軟體開發人員)   , System Operations on AWS概論 在雲端的網路與運算 在雲端的資料倉儲與儲存封裝 管理與監控雲端資源消耗狀態 雲端的設定與管理 建立雲端的高可用性組態 建立可重複利用的自動化部署  ,"['2020/09/28 ~ 2020/09/30 每週一二三', '2020/11/30 ~ 2020/12/02 每週一二三']",時數：21小時,"費用：NT$ 34,020",當雲端部署蔚為時尚時，有效率的管理相形之下就顯得非常重要。在AWS平台上能以自動化的方式部署：包括網路、系統部署等需求；其中不乏AWS高效率的管理工具，像是：AWS CloudFormation自動化堆疊AWS所需資源，並能夠讓部署行為自動化達成、Elastic Load Balancing、AWS的VPC建立VPN、AWS CloudWatch、Trusted Advisor來監控系統資源消耗狀況。課程進行中，主要以業界常見的設定AWS行為與部署AWS系統方法與技巧，能讓結業所學與業界無縫接軌。 本課程中您將學習：  使用標準的AWS基礎設施功能，例如：Amazon Virtual Private Cloud(VPC)、Amazon Elastic Compute Cloud(EC2)、Elastic Load Balancing，以及命令列中的Auto Scaling 使用AWS CloudFormation和其他自動化技術產生AWS資源堆疊，並以自動化和可重複的方式進行部署 使用AWS管理主控台，透過Amazon VPC從頭開始建構可正常運作的虛擬專用網路 使用命令列呼叫部署Amazon EC2執行個體，並故障診斷執行個體的最常見問題 監控Amazon EC2執行個體和其他AWS服務的執行狀況 在雲端中管理使用者身分、AWS權限和安全性 在AWS帳戶中使用Amazon CloudWatch、標籤和Trusted Advisor這類工具來管理資源消耗狀況 選取並實作最佳策略，以建立可重複使用的Amazon EC2執行個體 設定在負載平衡器後方啟動的一組Amazon EC2執行個體，讓系統根據需求擴展或縮小 編輯和故障診斷基本的AWS CloudFormation堆疊定義  ,Systems Operations on AWS,20200712
11, 適合對象 1.對通訊產業有高度興趣，欲從事相關工作者 2.從事網路維運相關工作者 3.想要取得CCNA認證者  ,1.建立網路與區域網路的基礎概念 2.深入瞭解TCP/IP通訊協定（包含新一代IPv6通訊協定介紹） 3.認識封包的基本構造 4.網路設備的設定與IOS的管理 5.建置企業交換器虛擬區域網路(VLAN)環境 6.交換器擴展樹協定（STP與RSTP）運作原理與最佳化 7.乙太通道網路EtherChannel的運作概念與設定 8.路由運作基礎與設定 9.廣域網路WAN與虛擬私人網路VPN相關運作技術與設定介紹 10.網路設備安全性強化措施，ACL相關技術的實作與設定 11.Layer 3 Redundancy的相關技術介紹與HSRP的實作 12.淺談智能網路（SDN、SD-Access、SD-WAN、Cisco DNA Center）的發展與變革 13.常用網管協定的設定與自動化，例如：SNMP、Syslog、NTP、CDP/LLDP 14.網路服務效能（QoS）簡介 15.無線區域網路（WLAN）運作原理與基本設定 16.認識網路安全威脅與相關的防範因應措施 ,"['2020/07/30 ~ 2020/10/08 每週二四', '2020/08/15 ~ 2020/09/13 每週六日', '2020/08/31 ~ 2020/09/11 每週一二三四五']",時數：70小時,"費用：NT$ 66,000",Cisco為全球網路設備領導廠商，本課程將帶領您探索Cisco網路世界的重要入門課程，本課程將為您介紹Cisco骨幹網路的重要設備：路由器、交換器與無線網路的設定及管理等重要的網路技術理論與實作，您將可學習到路由器、交換器與無線網路的運作原理與常用組態設定，建立具備容錯能力的區域網路及廣域網路，並透過設備本身提供的安全機制，提升並強化網路的安全性，另外加上最熱門的下一代網際網路協定IPv6的介紹與實作，以奠定良好的網路基礎理論與實做能力。課程結束後您將有能力獨當一面，在中小型企業網路環境中安裝、維護Cisco路由器、交換器與無線網路，同時具備考取CCNA國際認證的能力。 ,CCNA認證-建置與管理Cisco解決方案,20200712
12, 適合對象 1.系統管理人員 2.IT經理 3.RDBMS資料庫管理人員  ,1.Introduction 2.Cloudera Enterprise Data Hub 3.Installing Cloudera Manager and CDH 4.Configuring a Cloudera Cluster 5.Hadoop Distributed File System 6.HDFS Data Ingest 7.Hive and Impala 8.YARN and MapReduce 9.Apache Spark   10.Planning Your Cluster 11.Advanced Cluster Configuration 12.Managing Resources 13.Cluster Maintenance 14.Monitoring Clusters 15.Cluster Troubleshooting 16.Installnig and Managing Hue 17.Security 18.Conclusion ,['2020/09/22 ~ 2020/09/25 每週二三四五'],時數：28小時,"費用：NT$ 64,000",本課程將教您關於管理、操作、維護Hadoop叢集所需必要步驟的廣泛介紹。從安裝、組態到負載平衡與效能調校，讓您在面對管理正式環境下的Hadoop叢集時，可以從容面對各項挑戰並做好最佳準備。同時也是Cloudera公司所推出的CCA Administrator認證的最佳準備課程，並透過講師引導式討論、互動與實際操作練習，您將一覽Hadoop生態系的全貌。 ,Apache Hadoop之管理者訓練課程,20200712
13, 適合對象 專為使用Citrix SD-WAN的IT專業人員所設計，幾乎沒有以前的SD-WAN體驗基礎。適合對象包括有興趣學習如何部署或管理Citrix SD-WAN的管理員、工程師和架構師。  , Citrix SD-WAN簡介和概述 •      CitrixSD-WAN功能 •      平台和版本 •      初始化設定 Citrix SD-WAN部署模式與設定 •      部署模式選項 •      多區域部署 •      接口組 •      虛擬IP地址 •      WAN連接 •      變更管理 •      升級部署 •      零接觸部署選項 Citrix SD-WAN設定和變更管理 •      設備架構 •      SD-WAN管理架構選項 •      包處理和體系結構 •      SD-WAN服務 Citrix SD-WAN安全注意事項 •      Citrix SD-WAN實體安全 •      設備安全注意事項 •      網絡安全 •      狀態防火牆注意事項 •      防火牆規則和區域 •      安全維護與管理 Citrix SD-WAN服務質量(QoS) •      Citrix SD-WAN服務質量(QoS) •      服務類和規則 •      應用服務質量 •      SD-WAN傳輸模式 •      頻寬部署 •      深度封包檢測 Citrix SD-WAN 最佳化 •      動態路由 •      IPsec終止 •      MPLS佇列 •      路徑狀態靈敏度控制 •      虛擬路由器容錯通訊協定支援  ,['2020/10/05 ~ 2020/10/07 每週一二三'],時數：24小時,"費用：NT$ 45,000",學習各種可用的SD-WAN實作和部署模式，以及如何選擇適合您組織的模式。瀏覽SD-WAN的深層架構，了解如何區分各種元件。了解SD-WAN的不同元素如何結合在一起，以提供更好的網路體驗。課程主題包括：服務質量(Qos)、服務類別、規則、動態路由、DHCP服務，零接觸部署和可用的SD-WAN管理工具。本課程提供Hands-on LABs。 ,部署及管理Citrix SD-WAN基礎知識,20200712
14, 適合對象  SOC分析師(第一級和第二級) 網路和安全管理員 網路和安全工程師 網路防禦分析師，網路防禦技術人員 網路安全運營商以及處理網路安全操作的相關安全專業人員 網路安全分析師 任何想成為SOC分析師的人   ," 安全運營和管理(Security Operations and Management) 了解網路威脅，IoC和攻擊方法(Understanding Cyber Threats,IoCs, and Attack Methodology) 事件、事件和日誌記錄(Incidents, Events, and Logging) 危機事件偵測與安全訊息及事件管理的(SIEM) (Incident Detection with Security Information and Event Management(SIEM)) 利用威脅情資增強事件檢測能力(Enhanced Incident Detection with Threat Intelligence) 危機處理程序及應對方法(Incident Response)  ","['2020/08/12 ~ 2020/08/14 每週三四五', '2020/10/05 ~ 2020/10/07 每週一二三', '2020/12/07 ~ 2020/12/09 每週一二三']",時數：24小時,"費用：NT$ 39,000",隨著資訊安全領域的不斷擴展，SOC團隊需要提供高質量的IT安全服務，以主動檢測潛在的網路威脅與攻擊事件並快速回應。一個熟練的SOC分析師，可以作為第一線防禦者，提供警告給其他專業人員有關未來與現在的網路相關威脅。EC Council認證安全運營中心(SOC)分析師(CSA)是專為現有和即將加入安全運營中心(SOC)的一級和二級SOC分析師而設計的課程，目的在熟練地執行入門級和中級SOC任務操作。通過業界最有經驗的講師的指導，幫助學員了解SOC的日常任務及所需的技術與技能，為SOC團隊提供即時的支援。 ,EC-Council安全運營中心(SOC)分析師認證課程,20200712
15, 適合對象  想要了解PostgreSQL基本管理功能的資料庫管理人員 想要了解PostgreSQL基本管理功能的程式設計人員 想要了解如何將資料庫轉換為PostgreSQL的IT管理人員 欲取得PostgreSQL Certified Associate認證者   , PostgreSQL系統架構(PostgreSQL System Architecture) 如何安裝PostgreSQL(Installation) 如何設置PostgreSQL(Configuration) 如何建立與管理PostgreSQL資料庫(Creating and Managing Databases) 使用PSQL執行工作(Introduction to PSQL) 開發管理工具介紹(pgAdmin III) 如何強化PostgreSQL資料庫的安全性(Security basics) PostgreSQL上的第一支程式(SQL) 資料庫備份與復原(Backup and Recovery) 時間點資料還原(Point-in Time Recovery) PostgreSQL的日常管理維護(Routine Maintenance) 如何查詢PostgreSQL的資料字典(Postgres Data Dictionary) 如何遷移資料到PostgreSQL(Moving Data)  ,['2020/09/28 ~ 2020/09/30 每週一二三'],時數：18小時,"費用：NT$ 38,000",本課程為PostgreSQL資料庫管理的入門課程，可以學習到管理PostgreSQL資料庫所需的基礎知識與技術。在本課程中，您將學習如何安裝及維護資料庫，了解PostgreSQL資料庫的基本架構，並知道這些結構的互動與操作原理。學習本課程能更正確、有效率地管理PostgreSQL資料庫，了解如何在PostgreSQL資料庫上進行程式開發、查詢資料庫資料字典、設定資料庫安全與使用者管理，以及了解如何進行資料庫備份與復原的操作。 本課程除了介紹PostgreSQL資料庫的相關知識外，並搭配豐富的實作練習，讓您可以動手實作，以達到最佳的學習效果。同時這也是取得PostgreSQL Associate認證(PostgreSQL Certified Associate)的入門課程。 ,PostgreSQL資料庫基礎管理,20200712
16, 適合對象  對資訊安全工作有興趣者 欲取得SSCP®認證資格者 欲充實本身資安技術能力的IT人員   ,"第一章 Introducing Security and Aligning Asset Management to Risk Management介紹安全及符合風險管理之資產管理  Understand Security Concepts認識安全觀念 Participate in Asset Management參與資產管理 Understand the Risk Management Process認識風險管理流程 Understand the Risk Management Process—Treatment認識風險管理流程-風險處置  第二章 Understanding Risk Management Options and the Use of Access Controls to Protect Assets認識管理風險之選項並使用存取控制保護資產  Document, Implement, and Maintain Functional Security Controls 記錄、建置與維護功能性之安全控制措施 Implement Access Controls—Access Control Models建置存取控制-存取控制模型 Participate in the Identity Management Lifecycle參與身份識別管理生命週期 Implement and Maintain Authentication Methods—Identity and Access Management建置與維護鑑別方式-身份識別與存取管理  第三章 Cryptography密碼學  Understand the Fundamental Concepts of Cryptography認識密碼學基礎觀念 Understand the Fundamental Concepts of Cryptography—Encryption Methods認識密碼學基礎觀念-加密方式 Understand Public Key Infrastructure (PKI) Systems認識公開金鑰基礎設施系統 Understand Fundamental Concepts of Cryptography—Key Management認識密碼學基礎觀念-金鑰管理 Understand and Support Secure Protocols認識與支援安全協定  第四章 Securing Software, Using Security Protocols and Securing Remote Users保護軟體、使用安全協定並保護遠端用戶  Securing Software保護軟體 Identify and Analyze Malicious Code and Activity識別與分析惡意程式碼與活動 Implement and Operate Endpoint Device Security建置與操作端點裝置安全 Operate and Configure Cloud Security操作與設定雲端安全  第五章 Networking and the Role of the Hypervisor網路與網管  Understand Networking and the Role of the Hypervisor認識網路與網管 Understand Key Networking Components—Ports and Protocols認識網路關鍵元件–通訊埠與協定 Understand Network Attacks and Countermeasures認識網路攻擊與對策 Manage Network Security管理網路安全  第六章 Wireless Networking, Telecoms, Cloud Configuration, Monitoring Systems and Endpoint Security 無線網路、通信、雲端組態、監控系統及端點安全  Operate and Configure Cloud Security and Virtualization操作與設定雲端安全及虛擬化 Operate and Configure Wireless Technologies操作與設定無線技術 Manage Network Access Controls—POTS and PBX 管理網路存取控制-POTS與PBX  第七章 Security Testing and Incident Handling安全測試與事故處置  Operate and Maintain Monitoring Systems操作與維護監控系統 Perform Security Assessment Activities執行安全評估活動 Support Incident Lifecycle支援事故生命週期 Understand and Support the Business Continuity Plan(BCP)and Disaster Recovery Plan(DRP)Activities認識與支援持續營運計畫及災難復原計畫活動 Understand and Support Forensic Investigations認識及支援鑑識調查  第八章 Physical Security, Managing Change and Personnel Training 實體安全、異動管理與人員訓練  Participate in Change Management參與異動管理 Participate in Physical Security Operations參與實體安全作業 Participate in Security Awareness Training參與安全認知訓練  ","['2020/08/31 ~ 2020/09/04 每週一二三四五', '2020/10/24 ~ 2020/11/21 每週六', '2020/11/23 ~ 2020/11/27 每週一二三四五']",時數：40小時,"費用：NT$ 40,000",*此課程為「行政院國家資通安全會報」認可之資通安全專業證照 對於有志從事資訊安全工作者，該如何為跨入資安領域並做好準備，是首先必須要面對的課題；對於在資安領域中默默耕耘的資安技術者而言，該如何證明自身的專業技術能力，更是一大課題；再者身為企業內的員工該如何與資訊技術同僚合力實施企業的資安政策，又是另一項考驗！ SSCP®資安專業人員認證(Systems Security Certified Practitioner)是一張針對企業組織中負責網路及系統管理的相關人員，擁有資安技術能力且具實務經驗者所設立的證照。取得SSCP®認證，可確認受測者在資安技術領域中具有一定的專業實務能力。 有志於跨入資安領域、希望提升資安知識的資訊人員，取得相關證照是最快速的途徑之一；然而如何在取得證照之前為自己的專業技術能力做好準備，是值得深思的重要問題。現今大多資安相關證照無不與特定的產品相關連，欲取得該證照，受測者必須熟悉其產品進而參加認證考試取得證照。但除了證明受測者對特定產品有一定的熟悉程度外，其實對自身專業能力的展現，並無絕對助益。 為此，精誠恆逸特別與SSCP®發照單位(ISC)2合作，引進(ISC)2官方SSCP CBK®研習班課程。課程中將針對企業資安實務所需SSCP®認證所測驗的七大領域進行介紹。對於有志於從事資安工作，以及希望提升資安知識的資訊科技工作者而言，本課程可以做為一窺資安領域的最佳途徑。本課程由(ISC)2認證講師帶領，介紹資安相關技術與觀念，為您從事資安相關工作做好準備。 ,SSCP資安專業人員認證課程,20200712
17, 適合對象 1.中高階營運相關主管 2.資訊長或企業資訊部門的主管 3.即將晉升管理工作之IT專業人員 4.資深資訊工程師或網路系統管理員 5.資訊服務業之從業人員 6.對ITIL有興趣或欲取得ITIL認證者 7.對實際建置ITIL流程有興趣者  ,"1.ITIL®4基礎 1-1 ITIL®4 概述(Overview of ITIL®4) 1-1-1 IT服務管理簡介(Introduction to IT Service Management) 1-1-2 ITIL®4 簡介(Introduction to ITIL®4) 1-1-3 ITIL®4 的結構與效益(Structure and Benefits of ITIL®4) 1-2 服務管理：關鍵概念(Service Management: Key Concept) 1-2-1 價值與價值共創(Value and Value Co-Creation) 1-2-2 價值：服務，產品和資源(Value: Services, Products, and Resources)  1-2-3 服務關係(Service Relationships) 1-2-4 價值：成果，成本和風險(Value: Outcomes, Costs and Risks) 1-3 指導原則(The Guiding Principles) 1-3-1 界定指導原則(Identifying Guiding Principles) 1-3-2 七項指導原則(The Seven Guiding Principles) 1-3-3 應用指導原則(Applying the Guiding Principles) 1-4 服務管理的四個維度(The Four Dimensions of Service Management) 1-4-1 四個維度(The Four Dimensions) 1-4-2 組織與人員(Organizations and People) 1-4-3 資訊與科技(Information and Technology) 1-4-4 夥伴與供應商(Partners and Suppliers) 1-4-5 價值流與流程(Value Streams and Processes) 1-4-6 外部因素與Pestle模型(External Factors and the Pestle Model) 1-5 服務價值體系(Service Value System)     1-5-1 服務價值體系概述(Overview of Service Value System) 1-5-2 服務價值鏈概述(Overview of the Service Value Chain) 1-6 持續改善(Continual Improvement) 1-6-1 持續改善簡介(Introduction to Continual Improvement) 1-6-2 持續改善模型(The Continual Improvement Model) 1-6-3 持續改善與指導原則的關係(Relationship between Continual Improvement and Guiding Principles) 1-7 ITIL實務概述(Overview of ITIL® Practices) 1-7-1 ITIL實務的目的(Purpose of ITIL® Practices) 1-7-2 持續改善實務(The Continual Improvement Practice) 1-7-3 變更控制實務(The Change Control Practice) 1-7-4 事故管理實務(The Incident Management Practice) 1-7-5 問題管理實務(The Problem Management Practice) 1-7-6 服務請求管理實務(The Service Request Management Practice) 1-7-7 服務台實務(The Service Desk Practice) 1-7-8 服務等級管理實務(The Service Level Management Practice) 1-8 考試準備指南(Exam Preparation Guide)   2.ITIL導入概述 2-1 導入方法簡介 2-2 確定願景目標 2-3 現況評估 2-4 導入規劃 2-5 導入實施 2-6 持續改善 ","['2020/07/18 ~ 2020/07/26 每週六日', '2020/08/17 ~ 2020/08/20 每週一二三四', '2020/09/05 ~ 2020/09/13 每週六日']",時數：28小時,"費用：NT$ 34,000",本課程將輔導您具備通過ITIL® 4 Foundation認證考試的能力，協助您了解ITIL®4基本概念，熟悉ITIL®4內容中專有名詞、資訊服務管理中的角色、過程以及關鍵流程的組成要件。本課程旨在為學員提供對ITIL®4原則的廣泛理解，並學習如何透過ITIL® 4指導改進工作和整個組織的作業。通過分享和使用您學到的知識來領導和指導他人，運用整合的資訊服務管理運作，達成企業目標。 在課程結束時，您將能夠： 1.了解ITIL服務管理的關鍵概念 2.了解ITIL指導原則如何幫助組織採用和調整ITIL服務管理 3.了解ITIL服務管理的四個維度 4.了解ITIL服務價值系統的目的和組成部分，服務價值鏈的活動以及它們如何互連 5.了解持續改善的關鍵概念。 6.了解各種ITIL實踐以及它們如何為價值鏈活動做出貢獻 ,ITIL® 4 Foundation認證課程,20200712
18, 適合對象  商業技術主管 政府技術幕僚 全端工程師(Full Stack Developer)   , 掌握區塊鏈技術的理論和技術基礎 了解去中心化(decentralization)的概念，其影響以及與區塊鏈技術的關係 了解區塊鏈開發和實現的基本技術原則 了解比特幣和其他加密貨幣背後的區塊鏈技術運作機制 透過實際範例了解加密技術如何用於數據保護 了解智能合約(smart contracts)的理論基礎，以及如何使用Solidity和相關開發框架，在以太坊(Ethereum)區塊鏈上開發去中心化的應用程式(DAapp) 研究替代區塊鏈解決方案，包括超級帳本(Hyperledger)、Corda等 了解各行各業中區塊鏈應用的使用案例 探索區塊鏈實現和商業化策略 了解當前業務架構中區塊鏈整合的最佳實務 確定可能的區塊鏈實現對法律方面的影響 預測應用策略採行可能帶來的風險和失敗，並學習採用有效的變更管理和專案管理方法加以避免 探索區塊鏈技術的新研究課題和未來應用範圍  ,"['2020/08/24 ~ 2020/08/28 每週一二三四五', '2020/11/30 ~ 2020/12/04 每週一二三四五']",時數：40小時,"費用：NT$ 56,000",網路傳遞資訊，區塊鏈傳遞價值。區塊鏈是去中心化(decentralization)策略的基石，是一個分散式的資料庫，可以跨多個網路節點進行資料複製，從而實現交易的不可改變性、永久性、透通性和安全的記錄保存。本質上，區塊鏈是一種自我調節(self-regulated)的數據存儲和數據交易驗證系統。 區塊鏈技術是唯一的對等式(peer-to-peer)去中心化網絡系統，用於授權用戶以100%的準確度對交易進行數簽章。區塊鏈在金融、政府、保險、物流、媒體、醫療保健等許多行業中越來越受歡迎，因為它是一個即時價值交換的無邊界網絡系統。 C|BP區塊鏈專家認證課程提供了100%實用的區塊鏈技術及其在現實世界中實現的概述。C|BP區塊鏈專家認證則涵蓋區塊鏈技術中的三大知識和能力領域：開發(Development)、實現(Implementation)以及策略(Strategy)。 講師趨勢文章分享 ,IIB Council區塊鏈專家認證課程,20200712
19, 適合對象 想要建構雲端解決方法(如應用程式與服務等)的Azure開發人員  , 建立、設定、監控以及延展Azure App Service Web Apps 實作Azure functions 使用Azure Blob Storatge開發解決方案 開發使用儲存表的解決方法：使用Cosmos DB與關聯式資料庫，以及Blob儲存體來儲存資料 實作laaS解決方案，在Azure中建立虛擬機(VM)，建立與發行Container Images 實作安全性，了解如何實作身份驗證與授權 實作安全的雲端解決方案，使用KeyVault API管理金鑰與憑證 實作API管理 連接並使用Azure服務，開發一個Azure Service Logic應用，與整合協力廠商服務 使用Azure Event Grid、Azure Event Hubs開發以事件為基礎的解決方案 使用Azure Service Bus與Azure Queue Storage 開發以訊息為基礎的解決方案 監控與最佳化Azure解決方案 使用Azure Cache for Redis設計快取解決方案  ,['2020/09/21 ~ 2020/09/25 每週一二三四五'],時數：35小時,"費用：NT$ 30,000",這門課程主要是讓您了解如何開發Azure的基礎架構，牽涉到開發過程的全部階段，包括從解決方法設計到開發與部署，再到測試與維護。能夠利用Azure做為服務計算的解決方案，並能夠深入了解如何建置Azure平台中的虛擬機(VM)，使用WebJobs建立一個Azure App Service背景任務、實作身份驗證等功能，讓您精通使用Azure工具與技術(包括儲存、安全、計算與通信)來開發應用與服務。 ,Microsoft Azure開發解決方案,20200712
20, 適合對象  具備程式開發與物件導向設計經驗的程式設計師 想要熟悉Swift程式語言的程式設計師 對開發iPhone、iPad軟體有興趣的開發人員   , Xcode開發工具介紹 Swift簡介 Swift基本語法結構 Swift運算子與流程控制 Swift函數（Function） Swift Closures Enumerations Swift Nested Types Protocols Generics Extensions 物件導向 Error Handling Swift與Objective-C整合 Design Patterns：MVC、Delegation、Target-Action iOS Application生命週期簡介  ,['2020/11/24 ~ 2020/11/27 每週二三四五'],時數：28小時,"費用：NT$ 24,000",iPhone與iPad是目前Apple最火紅的行動上網裝置，為了簡化Objective-C與Ｃ語言的複雜度，Apple於2014年推出新的程式語言Swift，讓想進入這個領域的開發者更容易上手。 本課程以循序漸進的方式介紹Xcode工具操作，並逐步說明Swift程式語言的基本語法。課程分成三個階段，第一階段介紹Swift的特性與開發基礎，第二階段了解Swift如何與Objective-C程式整合，第三階段介紹iOS Application生命週期與相關設計模式(Design Patterns)。 ,Swift程式語言,20200712
21, 適合對象  維護MySQL伺服器的資料庫管理人員 設計或使用MySQL資料庫的資料庫開發人員與程式設計師 在工作上和MySQL伺服器或MySQL管理人員，有整合需求的系統管理人   , 課程介紹 效能調校概念說明 效能調校工具介紹 Performance Schema說明 伺服器調校 表格、檔案與日誌的調校 調校InnoDB儲存引擎 綱要設計最佳化 查詢監控 查詢最佳化 最佳化鎖定操作 複製調校 結論  ,['2020/10/19 ~ 2020/10/22 每週一二三四'],時數：24小時,"費用：NT$ 57,300",您需要管理MySQL應用中不斷增加的資料嗎？您想監控與診斷MySQL的疑難雜症並調校其最佳效能嗎？您想運用MySQL針對查詢與索引的效能改進來編寫查詢嗎？您想評估應用的架構，以得到最佳的設計、結構、快取、連線數以及其他影響效能的因素？那麼，此課程便是為您特別設計的。學成後您將具備使用工具監控、評估與調校MySQL效能所需的技能。 ,MySQL效能調校,20200712
22, 適合對象  希望開發遵循Java EE標準之完整企業應用程式及EJB元件的Java技術程式設計師 本課程為EJB 技術專家提供理想環境，協助建構一個整合的開發團隊   , Java EE概論、Java EE模組與元件開發步驟 使用Netbeans開發工具 使用JPA(Java Persistence API)技術存取資料庫 使用EJB(Enterprise Java Bean)技術開發商業邏輯元件 使用JMS(Java Message Service)技術開發非同步商業邏輯元件 使用JAX-WS技術開發SOAP-Based Web Service 使用Servlet技術開發Java Web應用程式 使用JSP(Java Server Pages)技術開發Java Web應用程式 使用JAX-RS技術開發Restful Web Service 使用WebSocket開發Java應用程式 使用JSF(Java Server Faces)技術開發Web應用程式 實踐Java EE安全控管機制  ,"['2020/08/10 ~ 2020/08/14 每週一二三四五', '2020/11/09 ~ 2020/11/13 每週一二三四五']",時數：30小時,"費用：NT$ 71,600",本課程將教導建立Java EE 7應用程式的相關知識。課程內容涵蓋必要的Java EE元件，包括商業元件Enterprise JavaBeans(EJB)、Web元件Servlets與Java Server Pages(JSP) 、Java Server Faces(JSF)、WebSocket、Web Services(JAX-WS、JAX-RS)以及使用這些元件的用戶端等。您將可以從End-to-End分散式商業應用程式開發習題，獲得實用的學習經驗，也將學習如何利用可重複使用的元件建立應用程式，以及如何將應用程式部署到Java EE執行環境。 ,開發Java EE 7應用程式,20200712
23, 適合對象  系統管理者 維護工程師   , 安裝Oracle Solaris 11 使用IPS 升級 Oracle Solaris 11 管理套裝軟體 管理SMF 服務 作業系統開關機 使用ZFS管理資料儲存 管理Oracle Solaris zone 管理實體網路 建立及管理使用者帳號 控制系統及檔案的存取 管理程序 監控作業系統 系統問題疑難排解  ,['2020/10/19 ~ 2020/10/23 每週一二三四五'],時數：30小時,"費用：NT$ 71,600",本課程介紹 Oracle Solaris 11 作業環境的基本管理，從安裝、升級、軟體套件、系統服務、儲存設備、網路、使用者等的管理工作，到簡單的問題疑難排解，是作為Oracle Solaris 11系統管理人員必須具備的技能。 ,Oracle Solaris 11 系統管理,20200712
24, 適合對象 想了解Python程式語言的程式開發人員  , Python語言及開發環境介紹 資料型別 集合 結構控制 函數 模組(Module) 物件導向程式設計 例外處理  ,"['2020/08/10 ~ 2020/08/13 每週一二三四', '2020/09/05 ~ 2020/09/13 每週六日', '2020/11/04 ~ 2020/11/13 每週三四五']",時數：28小時,"費用：NT$ 18,000",Python是一種物件導向、直譯式的電腦程式語言。它的語法簡單，能夠輕鬆完成很多常見的任務，也經常被當作腳本語言用於處理系統管理和網路應用程式的編寫。近年來使用Python作為應用程式的開發工具已經是非常普遍的現象，舉凡Google、Facebook等大型網站，都可以見到Python的蹤跡。本課程將教導您瞭解Python程式語言的結構、特性及開發方式，並瞭解如何利用Python處理一般的程式設計問題。 ,Python程式設計,20200712
25, 適合對象  欲參與考試，取得PMP®證照者 欲找到有效且系統化方法來執行專案之專案經理 欲提升個人層次，使自己具備「國際級專案管理技能」的專案經理 欲晉升為管理職務之專業技術人員 欲提升職場競爭力的上班族 欲承包高檔次標案之企業主與主管 欲跨足兩岸三地、國際舞台之專案經理   ,PMBOK® Guide-Sixth Edition+Agile Practice Guide 第一天(7小時)：  第一章 介紹+(模擬題練習) 第二章 專案運作的環境+(模擬題練習)  第二天(7小時)：  第三章 專案經理的角色+(模擬題練習) 第四章 專案整合管理+(模擬題練習)  第三天(7小時)：  第五章 專案範疇管理+(模擬題練習) 第六章 專案時程管理+(模擬題練習) 第七章 專案成本管理+(模擬題練習)  第四天(7小時)：  第八章 專案品質管理+(模擬題練習) 第九章 專案資源管理+(模擬題練習)  第十章 專案溝通管理+(模擬題練習)  第五天(7小時)：  第十一章 專案風險管理+(模擬題練習) 第十二章 專案採購管理+(模擬題練習) 第十三章 專案利害關係人管理+(模擬題練習)  第六天(7小時)：  敏捷實務指南Agile Practice Guide+(模擬題練習)  贈送PMP®總復習課程：14小時完整複習，讓您了解傳統瀑布式與近代敏捷式管理的全貌，以及PMP®考試報名解說和解題技巧等，大幅提升PMP®考照實力。 ※課程介紹影片   ,"['2020/08/05 ~ 2020/08/14 每週三四五', '2020/08/15 ~ 2020/10/17 每週六', '2020/09/06 ~ 2020/10/25 每週日']",時數：42小時,"費用：NT$ 32,000","培訓專案經理及企業主管人才，使其具備「專案自起始、規劃、執行、監控至結束」所需的管理知識與標準流程運作，並涵蓋[人]、[過程]、[企業環境]所需之專業知識，達到國際專案管理水準，俾能全面管理專案，有效達成專案目標。  完成報考PMP®所需之必備課程 大幅提升PMP®認證考試之實力 建立具有「國際水準」之專案管理技能 3-1  幫助個人，在高手如雲的職場中脫穎而出 3-2  幫助企業，在競爭激烈的商場中攻城掠地  【課程效益】  對個人的好處： 1-1  協助獲取PMP®認證 1-2  	洞悉傳統瀑布式與近代敏捷式管理，有關[人]、[過程]、[企業環境]所需具備之專業知識，大幅提升專案成功率 1-3  具備國際級專案管理技能，與國際接軌無障礙 1-4  大幅提升個人職場競爭力 對企業的好處： 2-1  提升企業整體專案成功率、降低專案成本、大幅提升企業整體競爭力 2-2  有助於承包政府，或大型、跨國、利潤高之專案(越來越多的政府標案，要求廠商需至少有一名員工具有PMP®證照，方能參與競標) 2-3  增強客戶之信心、擴大事業版圖  【教材與教學內容】  講師獨家編製中文教材(PMP®精華剖析+恆逸講師群補充資料)及繁體中文版PMBOK® Guide+敏捷實務指南(價值NT$1,350元) 解析學員實際案例+分組討論、國內外案例探討 課堂模擬測驗+試題解析 報名作業詳細說明+實際協助(報名申請表格內容修改) PMP®輔考系統：包含將近1000題的線上輔考擬真試題系統、學長姊筆記心得分享  【師資特色】  具備「跨國、跨領域、大型專案管理」實務經驗： 1-1  實務經驗，可避免講師「在空中盤旋」(進不了真實世界)、或是「畫虎畫皮」(不會畫骨) 1-2  	跨國專案，可以使講師對國際共通管理語言，有寬廣且深入的見解，對於企業越來越多的國際合作專案，提供直接貢獻 ，同時增強考PMP®實力 主持或參與之專案： 2-1  合作對象分布於：美國、瑞士、加拿大、義大利、捷克、英國、日本等技術先進國家 2-2  規模：大型為主、有超過16億元者 2-3  產業別：軟體資訊、電腦硬體、自動化、服務、航太、精密機械、國防科技等 資深講師在業界實務經驗：20~30年 學歷與證照：碩士(含)以上學位/PMP®證照/CPMT(Certified Project Management Trainer)證照/PMI-ACP證照 教學經驗：10年以上PMP®®認證班、大型企業、中小企業政府機關包班教學經驗  ",PMP®國際專案管理師培訓課程,20200712
26, 適合對象 1.Linux入門者、具備網路基本架構概念者 2.想要學習一般Linux使用操作技巧的IT人員  , RH124： Red Hat紅帽系統管理 I (35小時) RH134： Red Hat紅帽系統管理 II (28小時) RH294： Red Hat紅帽系統管理 III-Linux自動化(28小時)  ,"['2020/08/20 ~ 2020/11/19 每週二四', '2020/09/12 ~ 2020/11/08 每週六日', '2020/11/02 ~ 2021/01/27 每週一三']",時數：91小時,"費用：NT$ 68,000",雲端！絶對是當下最為熱門的話題之一，也是未來網路服務的主軸，這方向肯定是不會改變的，因Red hat特別將Red Hat Enterprise Linux 8.0打造為為雲端環境而生的作業系統，無論是一般企業IT的伺服器到Linux Containers、DevOps、AI及IoT 等應用，Red Hat Enterprise Linux 8.0都能夠符合您的需求，從單一伺服器的運算到雲端環境的集群運算，Red Hat Enterprise Linux 8.0可以滿足任何負載的運算需求。 RHEL 8的到來宣告了RHEL 8已進入了雲端作業系統的時代，身為IT技術人員怎麼可以在這場盛會上缺席呢?RHCE課程為美國Red Hat所力推之Linux專業認證課程，因此課程內容的安排絶對符合您實務上的需求，而且Red Hat還特別在課程的階段性上，設計了足以讓您證明自我技術能力的認證考試RHCSA及RHCE。 ,Red Hat紅帽RHCE認證課程,20200712
27, 適合對象  系統管理員 系統整合人員 獨立軟體供應商(ISV)   , 構建資料模型 1-1    核心CRM物件的功能 1-2    聲明式客製的界限 1-3    程序化客製的用例 1-4    制定適當的資料模型 1-5    關聯類型和其對記錄存取、用戶介面及報表的影響 1-6    更改欄位類型的注意事項 1-7    資料架構生成器的注意事項 1-8    導入和導出資料的注意事項 1-9    外部物件的使用案例 製作用戶介面 2-1 客製化選項 2-2 自定義按鈕(Buttons)、鏈接(Links)和行動(Actions) 2-3 列表視圖(List Views) 2-4 記錄類型(Record Types) 2-5 UI設計的最佳實踐 構建業務邏輯 3-1 公式欄位(Formula Fields) 3-2 Roll-up Summary Fields 3-3 驗證規則 維護記錄和資料安全 4-1 限制和擴展物件、記錄和欄位之存取 4-2 制定適當的共享解決方案 業務流程自動化 5-1 流程生成器 5-2 工作流程和批准流程 5-3 業務流程自動化 部署應用程序 6-1 應用程序生命週期 6-2 Sandboxes 6-3 Change Sets 6-4 Unmanaged and Managed Packages 6-5 制定適當的部署計劃 設計高階用戶介面組件 7-1 創建報表 7-2 報表類型 7-3 儀表板 7-4 用於Salesforce1用戶介面的聲明式自定義 其他考量事項 8-1 AppExchange應用程序 8-2 聲明性工具的限制 8-3 程序化用例  ,['2020/10/26 ~ 2020/10/30 每週一二三四五'],時數：35小時,"費用：NT$ 66,000",通過此次培訓，您將具備一定的專業性，掌握Salesforce的一整套點擊式設定，不需編寫程式碼，即可發展有價值的應用程序和功能開發。建立應用程序部署、自動化工具、安全性、自定用戶介面等知識，進而自信地管理您的Salesforce。 ,Salesforce平台應用程序建構認證課程,20200712
28, 適合對象  在其環境中負責Veritas NetBackup安裝、運作或整合的系統或網路管理員、系統工程師、技術支援 人員和系統整合/開發人員 欲取得Veritas NetBackup專業認證資格者 欲充實本身資料保護技術能力的IT人員   , 介紹Veritas NetBackup 設定NetBackup儲存單元 建立備立政策及排程管理 執行檔案系統備份 執行檔案系統還原 設定磁碟儲存池(Disk Pool) 設定重複資料刪除(Deduplication) 設定磁帶儲存 管理磁帶儲存 備份虛擬機器 還原虛擬機器 管理備份複本及儲存生命週期政策 管理及保護NetBackup Catalog 最佳化檔案系統備份 收集記錄及偵錯資訊  ,"['2020/07/13 ~ 2020/07/17 每週一二三四五', '2020/09/14 ~ 2020/09/18 每週一二三四五']",時數：40小時,"費用：NT$ 75,000",本課程提供Veritas NetBackup 8.1版軟體功能的教學。課程設計旨在提供您使用Veritas Netbackup開發與建置儲存管理策略的基礎知識，包括：  ●   安裝、設定和操作Veritas NetBackup  ●   利用圖形化使用者介面(GUI)、指令列和Script語法管理Veritas NetBackup  ●   提供服務的保護和回復  ●   使用Activity Monitor和記錄檔以監控Veritas NetBackup的處理流程 ●   在您的備份環境中調校Veritas NetBackup，達到最佳效能 本課程包含了實用的實機練習，讓您測試您的全新技能，並將它們應用在您實際的工作環境當中 ,Veritas NetBackup資料保護專業人員認證課程,20200712
29, 適合對象  系統管理員 系統工程師   , Course Introduction Introduction to vSphere and the Software-Defined Data Center Virtual Machines vCenter Server Configuring and Managing Virtual Networks  Configuring and Managing Virtual Storage Virtual Machine Management  Resource Management and Monitoring  vSphere Clusters  vSphere Lifecycle Management  ,"['2020/08/03 ~ 2020/08/07 每週一二三四五', '2020/08/29 ~ 2020/09/12 每週六日', '2020/09/07 ~ 2020/09/11 每週一二三四五']",時數：35小時,"費用：NT$ 69,900","This five-day course features intensive hands-on training that focuses on installing, configuring, and managing VMware vSphere® 7, which includes VMware ESXi™ 7 and VMware vCenter Server® 7. This course prepares you to administer a vSphere infrastructure for an organization of any size. This course is the foundation for most of the other VMware technologies in the software-defined data center. ",VMware vSphere安裝及設定管理課程,20200712
30, 適合對象 1.對通訊產業有高度興趣，欲從事相關工作者 2.從事網路維運相關工作者 3.想要取得CCNA認證者  ,1.建立網路與區域網路的基礎概念 2.深入瞭解TCP/IP通訊協定（包含新一代IPv6通訊協定介紹） 3.認識封包的基本構造 4.網路設備的設定與IOS的管理 5.建置企業交換器虛擬區域網路(VLAN)環境 6.交換器擴展樹協定（STP與RSTP）運作原理與最佳化 7.乙太通道網路EtherChannel的運作概念與設定 8.路由運作基礎與設定 9.廣域網路WAN與虛擬私人網路VPN相關運作技術與設定介紹 10.網路設備安全性強化措施，ACL相關技術的實作與設定 11.Layer 3 Redundancy的相關技術介紹與HSRP的實作 12.淺談智能網路（SDN、SD-Access、SD-WAN、Cisco DNA Center）的發展與變革 13.常用網管協定的設定與自動化，例如：SNMP、Syslog、NTP、CDP/LLDP 14.網路服務效能（QoS）簡介 15.無線區域網路（WLAN）運作原理與基本設定 16.認識網路安全威脅與相關的防範因應措施 ,"['2020/07/30 ~ 2020/10/08 每週二四', '2020/08/15 ~ 2020/09/13 每週六日', '2020/08/31 ~ 2020/09/11 每週一二三四五']",時數：70小時,"費用：NT$ 66,000",Cisco為全球網路設備領導廠商，本課程將帶領您探索Cisco網路世界的重要入門課程，本課程將為您介紹Cisco骨幹網路的重要設備：路由器、交換器與無線網路的設定及管理等重要的網路技術理論與實作，您將可學習到路由器、交換器與無線網路的運作原理與常用組態設定，建立具備容錯能力的區域網路及廣域網路，並透過設備本身提供的安全機制，提升並強化網路的安全性，另外加上最熱門的下一代網際網路協定IPv6的介紹與實作，以奠定良好的網路基礎理論與實做能力。課程結束後您將有能力獨當一面，在中小型企業網路環境中安裝、維護Cisco路由器、交換器與無線網路，同時具備考取CCNA國際認證的能力。 ,CCNA認證-建置與管理Cisco解決方案,20200712
31, 適合對象 1.對通訊產業有高度興趣，欲從事相關工作者 2.從事網路維運相關工作者 3.想要取得CCNA認證者  ,1.建立網路與區域網路的基礎概念 2.深入瞭解TCP/IP通訊協定（包含新一代IPv6通訊協定介紹） 3.認識封包的基本構造 4.網路設備的設定與IOS的管理 5.建置企業交換器虛擬區域網路(VLAN)環境 6.交換器擴展樹協定（STP與RSTP）運作原理與最佳化 7.乙太通道網路EtherChannel的運作概念與設定 8.路由運作基礎與設定 9.廣域網路WAN與虛擬私人網路VPN相關運作技術與設定介紹 10.網路設備安全性強化措施，ACL相關技術的實作與設定 11.Layer 3 Redundancy的相關技術介紹與HSRP的實作 12.淺談智能網路（SDN、SD-Access、SD-WAN、Cisco DNA Center）的發展與變革 13.常用網管協定的設定與自動化，例如：SNMP、Syslog、NTP、CDP/LLDP 14.網路服務效能（QoS）簡介 15.無線區域網路（WLAN）運作原理與基本設定 16.認識網路安全威脅與相關的防範因應措施 ,"['2020/07/30 ~ 2020/10/08 每週二四', '2020/08/15 ~ 2020/09/13 每週六日', '2020/08/31 ~ 2020/09/11 每週一二三四五']",時數：70小時,"費用：NT$ 66,000",Cisco為全球網路設備領導廠商，本課程將帶領您探索Cisco網路世界的重要入門課程，本課程將為您介紹Cisco骨幹網路的重要設備：路由器、交換器與無線網路的設定及管理等重要的網路技術理論與實作，您將可學習到路由器、交換器與無線網路的運作原理與常用組態設定，建立具備容錯能力的區域網路及廣域網路，並透過設備本身提供的安全機制，提升並強化網路的安全性，另外加上最熱門的下一代網際網路協定IPv6的介紹與實作，以奠定良好的網路基礎理論與實做能力。課程結束後您將有能力獨當一面，在中小型企業網路環境中安裝、維護Cisco路由器、交換器與無線網路，同時具備考取CCNA國際認證的能力。 ,CCNA認證-建置與管理Cisco解決方案,20200712
32, 適合對象 想要建構雲端解決方法(如應用程式與服務等)的Azure開發人員  , 建立、設定、監控以及延展Azure App Service Web Apps 實作Azure functions 使用Azure Blob Storatge開發解決方案 開發使用儲存表的解決方法：使用Cosmos DB與關聯式資料庫，以及Blob儲存體來儲存資料 實作laaS解決方案，在Azure中建立虛擬機(VM)，建立與發行Container Images 實作安全性，了解如何實作身份驗證與授權 實作安全的雲端解決方案，使用KeyVault API管理金鑰與憑證 實作API管理 連接並使用Azure服務，開發一個Azure Service Logic應用，與整合協力廠商服務 使用Azure Event Grid、Azure Event Hubs開發以事件為基礎的解決方案 使用Azure Service Bus與Azure Queue Storage 開發以訊息為基礎的解決方案 監控與最佳化Azure解決方案 使用Azure Cache for Redis設計快取解決方案  ,['2020/09/21 ~ 2020/09/25 每週一二三四五'],時數：35小時,"費用：NT$ 30,000",這門課程主要是讓您了解如何開發Azure的基礎架構，牽涉到開發過程的全部階段，包括從解決方法設計到開發與部署，再到測試與維護。能夠利用Azure做為服務計算的解決方案，並能夠深入了解如何建置Azure平台中的虛擬機(VM)，使用WebJobs建立一個Azure App Service背景任務、實作身份驗證等功能，讓您精通使用Azure工具與技術(包括儲存、安全、計算與通信)來開發應用與服務。 ,Microsoft Azure開發解決方案,20200712
33, 適合對象  系統管理人員 軟體開發人員(主要以AWS開發DevOps，搭配營運目的為主；非一般軟體開發人員)   , System Operations on AWS概論 在雲端的網路與運算 在雲端的資料倉儲與儲存封裝 管理與監控雲端資源消耗狀態 雲端的設定與管理 建立雲端的高可用性組態 建立可重複利用的自動化部署  ,"['2020/09/28 ~ 2020/09/30 每週一二三', '2020/11/30 ~ 2020/12/02 每週一二三']",時數：21小時,"費用：NT$ 34,020",當雲端部署蔚為時尚時，有效率的管理相形之下就顯得非常重要。在AWS平台上能以自動化的方式部署：包括網路、系統部署等需求；其中不乏AWS高效率的管理工具，像是：AWS CloudFormation自動化堆疊AWS所需資源，並能夠讓部署行為自動化達成、Elastic Load Balancing、AWS的VPC建立VPN、AWS CloudWatch、Trusted Advisor來監控系統資源消耗狀況。課程進行中，主要以業界常見的設定AWS行為與部署AWS系統方法與技巧，能讓結業所學與業界無縫接軌。 本課程中您將學習：  使用標準的AWS基礎設施功能，例如：Amazon Virtual Private Cloud(VPC)、Amazon Elastic Compute Cloud(EC2)、Elastic Load Balancing，以及命令列中的Auto Scaling 使用AWS CloudFormation和其他自動化技術產生AWS資源堆疊，並以自動化和可重複的方式進行部署 使用AWS管理主控台，透過Amazon VPC從頭開始建構可正常運作的虛擬專用網路 使用命令列呼叫部署Amazon EC2執行個體，並故障診斷執行個體的最常見問題 監控Amazon EC2執行個體和其他AWS服務的執行狀況 在雲端中管理使用者身分、AWS權限和安全性 在AWS帳戶中使用Amazon CloudWatch、標籤和Trusted Advisor這類工具來管理資源消耗狀況 選取並實作最佳策略，以建立可重複使用的Amazon EC2執行個體 設定在負載平衡器後方啟動的一組Amazon EC2執行個體，讓系統根據需求擴展或縮小 編輯和故障診斷基本的AWS CloudFormation堆疊定義  ,Systems Operations on AWS,20200712
34, 適合對象 終端客戶公司的IT部門技術人員，以及負責交付遠端或虛擬桌面服務的人員  , Course Introduction Introduction to VMware Horizon View Connection Server VMware Horizon Pools and Desktops Horizon Client Options Creating Automated Pools of Full Virtual Machines Creating and Managing Linked-Clone Desktops Creating and Managing Instant-Clone Pools Creating RDS Desktop and Application Pools VMware Horizon 7 Authentication Managing VMware Horizon Security Profile Management Using User Environment Manager Using App Volumes to Provision and Manage Applications Command-Line Tools and Backup Options VMware Horizon Performance and Scalability  課程結束後，您將能夠達成以下目標：   Identify VMware Horizon components Install and configure View Connection Server Install and configure virtual desktops Configure and manage VMware Horizon® Client™ systems Configure and manage pools of physical and virtual machines Configure and manage automated pools of full virtual machines Configure and manage pools of linked-clone desktops Configure and manage automated pools of instant clones Configure and manage Remote Desktop Services(RDS) pools of desktops and applications Use Horizon Administrator to configure the VMware Horizon environment Configure secure access to virtual desktops Use VMware User Environment Manager™ to manage user personalization and application configurations Describe steps to deploy profile management Use VMware App Volumes™ to provision and manage applications Manage the performance and scalability of a VMware Horizon deployment  ,['2020/09/14 ~ 2020/09/18 每週一二三四五'],時數：35小時,"費用：NT$ 69,900","This five-day, hands-on course gives you the skills to deliver virtual desktops and applications through a single virtual desktop infrastructure platform. This course builds your skills in installing, configuring, and managing VMware Horizon® 7 through a combination of lecture and hands-on labs. You will learn how to configure and deploy pools of virtual machines, how to manage access and security of the machines, and how to provide a customized desktop environment to end users. ",VMware Horizon安裝及設定管理課程,20200712
35, 適合對象 已有C++程式設計基礎、Python程式設計基礎者  ,1.編譯安裝OpenCV 2.Python與OpenCV的連結 3.圖片處理與標記 4.影像的輸出輸入 5.二元影像處理 +5-1 影像與黑白灰階的處理 +5-2影像門檻值選取與轉換 +5-3 影像與輪廓選取 +5-4 影像的擴張與侵蝕運算 6.影像強化與濾鏡 +6-1 顏色值域的轉變 +6-2 亮度與色度的調整 +6-3 濾鏡與convolution運算 7.幾何轉換 8.影像分類與偵測 9.OpenVino框架 +9-1推論引擎 +9-2最佳化模型器 10.OpenCV與OpenVino 11.OpenCV與Yolo框架(V4) 12.OpenCV在Raspberry Pi和Jetson Nano上的處理 ,['2020/11/23 ~ 2020/11/27 每週一二三四五'],時數：35小時,"費用：NT$ 24,000","OpenCV是一個行之有年的影像處理函式庫，除了用在傳統的影像應用程式之外，更被用於各式的深度學習，特別是跟影像相關的議題上。本課程將使用OpenCV處理圖片影像，建立電腦視覺的基礎。在本課程中，當我們學習了openCV的基礎之後，會用在Intel的OpenVino toolkit， 它可以使用CPU作加速，以助於電腦視覺與神經網路的推論，達成一般電腦視覺應用如圖像標記等等任務。由於OpenVino內建許多有用的模型，可以在沒有深度學習建模能力前，依然可以和OpenCV合併使用並且看到結果。 本課程會以Python操作OpenCV方便使用為主, 但會使用Visual Studio 2019講授如何建置OpenCV並且作最佳化與調校參數, 所以需要有簡單的C/C++程式概念但不需要精通。 本課程所講授的YoLo演算法以YoLoV4的建置與使用為主。 ",AI電腦視覺OpenCV ,20200712
36, 適合對象  想要撰寫或設計網頁的設計師 想要了解用戶端開發技術的程式設計師 想要撰寫網站應用程式的程式設計師   , JavaScript簡介 JavaScript變數宣告方式、變數範圍、程式語法與基本型別 學習程式條件判斷與流程控制語法，了解各種運算子的使用特性，包括數學運算子、比較運算子等，以及JavaScript錯誤處理 撰寫Functions以重複使用程式碼，了解變數生命周期 建立與使用物件，學習陣列、Map、Set集合型別的使用，並了解JavaScript內建的物件，如String、Math等 物件導向基本觀念的建立，利用Prototype設計繼承與使用類別(Class) 使用JavaScript操作文件物件模型(DOM) 了解DOM事件註冊與處理，並了解如何應用Window、滑鼠、鍵盤、事件、表單等事件 了解JSON資料格式與透過AJAX與Promise設計非同步運作程式碼  ,"['2020/08/15 ~ 2020/08/23 每週六日', '2020/10/19 ~ 2020/11/11 每週一三', '2020/10/20 ~ 2020/10/23 每週二三四五']",時數：28小時,"費用：NT$ 22,000",由於網站應用程式的盛行，已經讓JavaScript變成世界最受歡迎的程式語言之一，也是最廣泛使用的用戶端開發語言。本課程適合欲學習純JavaScript程式語言的初學者，了解基本語法和程式架構，以及物件導向的功能，並能透過事件和瀏覽器上的DOM物件進行互動，上完課程後您將可撰寫在瀏覽器上執行的網頁程式。而ECMAScript 2015則是新一代的JavaScript語言標準，前身稱為ECMAScript 6，改善不嚴謹的JavaScript語法，並可運用來撰寫複雜的伺服端企業級應用程式，例如Node.JS。本課程將涵蓋ECMAScript 5與ECMAScript 2015+語法。 ,JavaScript程式設計,20200712
37, 適合對象 1.想學習Kotlin程式語言的應用程式開發人員 2.已經熟悉Java程式設計語言，想要學習使用Kotlin開發Android應用程式 3.想要從Java轉換到Kotlin的Android開發人員  ,  Kotlin程式設計語言基礎 設計函式 類別與物件 物件導向程式設計 列舉型態、常數與資料類別 泛型的設計與應用 介面與Lambda 高階函式的設計與應用 例外控制 Android應用程式專案介紹 規劃與建立使用者介面 活動元件與畫面設計 應用程式資源設計與使用 資料儲存與管理-Android JetPack Room API 建立應用程式服務元件 設計與使用廣播元件 建立系統通知服務 開發Firebase雲端應用程式  ,"['2020/08/31 ~ 2020/09/04 每週一二三四五', '2020/09/05 ~ 2020/09/19 每週六日', '2020/11/23 ~ 2020/11/27 每週一二三四五']",時數：35小時,"費用：NT$ 24,000",針對想要使用Kotlin開發Android應用程式設計的課程，適合初學或具備Java、Android程式設計經驗的學員，讓您快速學習Kotlin程式語言與開發Android應用程式。課程內容包含Kotlin與Android兩個部份，Kotlin程式設計語言部份有程式語言基礎、物件導向、Lambda、高階函式與例外控制，Android部份有應用程式專案架構介紹、設計資源、使用者介面、資料庫存取、廣播、通知與材料設計(Material Design)。完成課程後，您可以使用比Java更簡單、更有效率的Kotlin程式設計語言開發Android應用程式。 ,Kotlin程式設計-Android應用程式開發實務,20200712
38, 適合對象  維護MySQL伺服器的資料庫管理人員 設計或使用MySQL資料庫的資料庫開發人員與程式設計師 在工作上和MySQL伺服器或MySQL管理人員，有整合需求的系統管理人   , 課程介紹 效能調校概念說明 效能調校工具介紹 Performance Schema說明 伺服器調校 表格、檔案與日誌的調校 調校InnoDB儲存引擎 綱要設計最佳化 查詢監控 查詢最佳化 最佳化鎖定操作 複製調校 結論  ,['2020/10/19 ~ 2020/10/22 每週一二三四'],時數：24小時,"費用：NT$ 57,300",您需要管理MySQL應用中不斷增加的資料嗎？您想監控與診斷MySQL的疑難雜症並調校其最佳效能嗎？您想運用MySQL針對查詢與索引的效能改進來編寫查詢嗎？您想評估應用的架構，以得到最佳的設計、結構、快取、連線數以及其他影響效能的因素？那麼，此課程便是為您特別設計的。學成後您將具備使用工具監控、評估與調校MySQL效能所需的技能。 ,MySQL效能調校,20200712
39, 適合對象  想要深入了解及學習Power BI Desktop技術，以豐富資料分析報表者 數據及報表分析人員 想要學習數據分析及商業思考的使用者 熟悉SQL Server報表的建立者   , Power BI產品組合介紹 Power BI Desktop的下載與安裝 Power BI Desktop資料的匯入  A.  不同資料格式的匯入及合併 B.  彙整資料夾中多個相同格式的資料檔 C.  資料的清理、淨化、重塑及轉換 D.  資料表間的合併及附加處理 E.  查詢步驟的組態與調整 F.  查詢的複製、重複及參照 G.  資料錯誤的解決與處理  Power BI Desktop資料建模與管理  A.  組態及優化資料表間的關聯性 B.  強化資料模型中的計算邏輯與格式 C.  DAX語法說明及各類函數的使用 D.  利用DAX公式建立量值及資料行來豐富資料模型的處理 E.  Power BI Desktop範本檔的建立  Power BI Desktop互動式視覺化報表的建立  A.  建立豐富的互動式視覺化儀表板 B.  各項視覺化效果(表格、圖表、地圖......)的運用搭配介紹 C.  各項視覺化效果的細部組態 D.  視覺化效果的進階分析設定 E.  使用書籤串連數據解析及建立故事 F.  自訂視覺化效果的匯入及運用  發佈Power BI Desktop報表至Power BI服務  ,"['2020/08/03 ~ 2020/08/05 每週一二三', '2020/10/31 ~ 2020/11/07 每週六日', '2020/11/16 ~ 2020/11/18 每週一二三']",時數：21小時,"費用：NT$ 20,000",數據分析已成為目前企業決勝的關鍵，唯有對手上的資料數據了解的越多，我們也才能做的更多及更好。此時便需要一個簡單且有效的工具來協助我們了解手上的資料，可是，有這樣一個大數據分析工具存在嗎？這個問題的答案便是Power BI Desktop。 本課程將會介紹如何使用Power BI Desktop擷取各種資料來源中的數據進行清洗及重塑的工作，並將資料載入資料模型進行加值處理及計算，以提高資料儲存及檢索之效能，最後以視覺化的表格、圖表及地圖來反應資料內容與關聯性，使得企業主可快速得到心中疑問的解答，並從大數據中找到提升企業競爭力的商機。 ,Power BI Desktop數據分析實戰,20200712
40, 適合對象  SOC分析師(第一級和第二級) 網路和安全管理員 網路和安全工程師 網路防禦分析師，網路防禦技術人員 網路安全運營商以及處理網路安全操作的相關安全專業人員 網路安全分析師 任何想成為SOC分析師的人   ," 安全運營和管理(Security Operations and Management) 了解網路威脅，IoC和攻擊方法(Understanding Cyber Threats,IoCs, and Attack Methodology) 事件、事件和日誌記錄(Incidents, Events, and Logging) 危機事件偵測與安全訊息及事件管理的(SIEM) (Incident Detection with Security Information and Event Management(SIEM)) 利用威脅情資增強事件檢測能力(Enhanced Incident Detection with Threat Intelligence) 危機處理程序及應對方法(Incident Response)  ","['2020/08/12 ~ 2020/08/14 每週三四五', '2020/10/05 ~ 2020/10/07 每週一二三', '2020/12/07 ~ 2020/12/09 每週一二三']",時數：24小時,"費用：NT$ 39,000",隨著資訊安全領域的不斷擴展，SOC團隊需要提供高質量的IT安全服務，以主動檢測潛在的網路威脅與攻擊事件並快速回應。一個熟練的SOC分析師，可以作為第一線防禦者，提供警告給其他專業人員有關未來與現在的網路相關威脅。EC Council認證安全運營中心(SOC)分析師(CSA)是專為現有和即將加入安全運營中心(SOC)的一級和二級SOC分析師而設計的課程，目的在熟練地執行入門級和中級SOC任務操作。通過業界最有經驗的講師的指導，幫助學員了解SOC的日常任務及所需的技術與技能，為SOC團隊提供即時的支援。 ,EC-Council安全運營中心(SOC)分析師認證課程,20200712
41, 適合對象 1.資訊技術 (IT) 與信息安全 (IS) 相關經理人 2.風險管理相關經理人 3.公司治理、政策制定經理人 4.欲從事ISO 27001諮詢、顧問之人員 5.內部稽核員、電腦稽核員  ,1.資訊安全管理系統要求 (ISO/IEC 27001) 2.資訊安全管理系統要求 (ISO/IEC 27001)、管理系統稽核指引(ISO 19011)、驗證稽核要求 (ISO 17021) 3.管理系統稽核指引 (ISO 19011)-稽核過程演練-稽核準備與計畫  4.管理系統稽核指引 (ISO 19011)-稽核過程演練-稽核起始會議、執行現場稽核活動、稽核員角色與稽核技巧演練 5.管理系統稽核指引(ISO 19011)-稽核過程演練-稽核結束會議、稽核發現追蹤與認證 ,"['2020/07/13 ~ 2020/07/17 每週一二三四五', '2020/07/18 ~ 2020/07/26 每週五六日', '2020/08/10 ~ 2020/08/14 每週一二三四五']",時數：40小時,"費用：NT$ 50,000",此課程為「行政院國家資通安全會報」認可之資通安全專業證照 資訊(Information)可說是現今最為重要的無形資產，也是企業成功的基礎與命脈。如何確保客戶與公司內部資訊的安全性、完整性及可用性，是當今最重要的課題之一。資訊安全管理系統(Information Security Management Systems，ISMS)正是因應維護資訊安全而發展出來的重要標準。 本課程結合課堂簡報、小組討論、經驗交流、角色扮演、情境演練等，透過參與式 (participated learning) 學習，培養學員下列的能力： 1.了解資訊安全管理系統的目的、對組織帶來的益處、管理系統與相關標準、管理系統內部稽核、供應商稽核與第三方認證等要求。 2.了解管理系統稽核指引 ISO 19011 (與認證規範  ISO 17021) 中，稽核員的角色與能力的要求，包含稽核計畫、執行、報告、發現追蹤到完成稽核。 3.如何應用管理系統稽核指引 ISO 19011 (與認證規範  ISO 17021) 要求，進行資訊安全管理系統稽核 (包含稽核計畫、執行、報告、發現追蹤到完成稽核)，以確保組織的資訊安全管理系統的有效性，並符合國際標準 ISO 27001 (或 ISO 27002)要求。 ,ISO 27001：2013資訊安全管理系統主導稽核員訓練課程,20200712
42, 適合對象 1.資訊技術 (IT) 與信息安全 (IS) 相關經理人 2.風險管理相關經理人 3.公司治理、政策制定經理人 4.欲從事ISO 27001諮詢、顧問之人員 5.內部稽核員、電腦稽核員  ,1.資訊安全管理系統要求 (ISO/IEC 27001) 2.資訊安全管理系統要求 (ISO/IEC 27001)、管理系統稽核指引(ISO 19011)、驗證稽核要求 (ISO 17021) 3.管理系統稽核指引 (ISO 19011)-稽核過程演練-稽核準備與計畫  4.管理系統稽核指引 (ISO 19011)-稽核過程演練-稽核起始會議、執行現場稽核活動、稽核員角色與稽核技巧演練 5.管理系統稽核指引(ISO 19011)-稽核過程演練-稽核結束會議、稽核發現追蹤與認證 ,"['2020/07/13 ~ 2020/07/17 每週一二三四五', '2020/07/18 ~ 2020/07/26 每週五六日', '2020/08/10 ~ 2020/08/14 每週一二三四五']",時數：40小時,"費用：NT$ 50,000",此課程為「行政院國家資通安全會報」認可之資通安全專業證照 資訊(Information)可說是現今最為重要的無形資產，也是企業成功的基礎與命脈。如何確保客戶與公司內部資訊的安全性、完整性及可用性，是當今最重要的課題之一。資訊安全管理系統(Information Security Management Systems，ISMS)正是因應維護資訊安全而發展出來的重要標準。 本課程結合課堂簡報、小組討論、經驗交流、角色扮演、情境演練等，透過參與式 (participated learning) 學習，培養學員下列的能力： 1.了解資訊安全管理系統的目的、對組織帶來的益處、管理系統與相關標準、管理系統內部稽核、供應商稽核與第三方認證等要求。 2.了解管理系統稽核指引 ISO 19011 (與認證規範  ISO 17021) 中，稽核員的角色與能力的要求，包含稽核計畫、執行、報告、發現追蹤到完成稽核。 3.如何應用管理系統稽核指引 ISO 19011 (與認證規範  ISO 17021) 要求，進行資訊安全管理系統稽核 (包含稽核計畫、執行、報告、發現追蹤到完成稽核)，以確保組織的資訊安全管理系統的有效性，並符合國際標準 ISO 27001 (或 ISO 27002)要求。 ,ISO 27001：2013資訊安全管理系統主導稽核員訓練課程,20200712
43, 適合對象 欲學習專業網站建置與編輯應用者  ,1.網站定義與基本操作  1-1網頁檔案基本規則 1-2 定義網站 1-3 檔案基本操作 1-4 網頁文字資料 1-5 空白字元 1-6 清單 1-7 頁面屬性 1-8 插入影像 1-9 滑鼠互動影像 1-10 文字與影像排版 2.網頁影像與Photoshop快速整合     2-1 網頁影像格式 2-2 旋轉與更改影像尺寸 2-3 影像裁切 2-4 去背圖編輯應用 2-5 網頁GIF動畫 2-6 網頁替換影像按鈕 3.表格與網頁頁面內容編排    3-1插入表格 3-2表格屬性設定與表格外觀 3-3 表格與網頁頁面尺寸 3-4 隱形表格應用—頁面版面分欄編排 3-5 表格編排- 縮排應用 3-6 表格編排- 項目符號應用 3-7 表格編排應用-首頁編排 3-8 表格編排應用-內頁編排 4.連結設定完成網站   4-1文字與圖片連結設定 4-2 連結文字屬性設定 4-3 影像地圖連結 4-4 錨點連結    5.Photoshop進階影像切割與網頁版面設計整合 5-1 使用分割建立影像切片 5-2 使用切片工具建立影像切片 5-3 影像切割與背景圖應用 5-4 網站設計版面切割與完成網站 5-5 版面切割與iframe應用 6.互動控制與行為效果 6-1 用AP元素(div)跨出網站編輯限制 6-2 加入JavaScript行為 6-3 套用彈出訊息行為 6-4 套用調換影像行為 6-5 套用拖曳AP元素(div)行為 6-6 套用顯示隱藏AP元素(div)行為 6-7 整合AP元素控制-互動產品說明 6-8 jQuery效果 6-9 覆蓋版面廣告的效果應用  CSS基礎 7-1 如何開始設定CSS 7-2 CSS設定文字屬性 7-3 CSS設定背景圖 7-4 類別選取器控制頁面內容設定 7-5 CSS基礎圖文編排  *附錄 / 申請免費網站空間與上傳發佈網站 ,"['2020/08/01 ~ 2020/08/09 每週六日', '2020/09/07 ~ 2020/09/10 每週一二三四五', '2020/10/19 ~ 2020/11/11 每週一三']",時數：24小時,"費用：NT$ 8,400",本課程將學習如何從網頁的基礎內容編輯開始，進行HTML檔案格式的編排與設計，了解網頁格式的特殊性，以及如何完成網站架構規劃，使用免費的網頁空間完成網站架設，對於之前從沒有學過網頁設計的人來說，這一門課程可以讓您學到最實用的網頁設計技巧，並為進階的CSS排版，及HTML5等新技術打好基礎。 學會了網頁的完整內容編輯並有能力完成網站後，最需要進一步學習的專業即是網頁進階版面整合編排技巧，包括與Photoshop設計的版型切割整合完成網站，內頁框等進階頁面編排方法，再加上基礎JavaScript效果與基礎AP元素(div)應用，讓您的網站開始有互動功能，包括以滑鼠開關顯示隱藏頁面內容、拖曳頁面內容等，加上以實際完整網站建置範例，讓您即學即用，開心完成專業網站設計的第一步。 最後本課程也將讓您開始接觸下一階段的網頁專業，即是CSS的使用，先輕鬆跟CSS第一類接觸，嘗試開始使用CSS，做好學習CSS排版的準備。 ,Dreamweaver專業網頁編輯應用,20200712
